"Market Participant ID","Market Participant Role Code","Effective From Date (MPR)","Effective To Date (MPR)","Address 1","Address 2","Address 3","Address 4","Address 5","Address 6","Address 7","Address 8","Address 9","Post Code","Distributor Short Code"
"ACCU","6","19/12/2003","","G4S Utility Services (UK) Ltd","14 Silver Fox Way","Cobalt Business Park","Newcastle upon Tyne","Tyne and Wear","","","","","NE27 0QJ",""
"ACCU","8","12/10/2007","","G4S Utility Services (UK) Ltd","14 Silver Fox Way","Cobalt Business Park","Newcastle upon Tyne","Tyne and Wear","","","","","NE27 0QJ",""
"ACCU","B","29/10/1999","","G4S Utility Services (UK) Ltd","14 Silver Fox Way","Cobalt Business Park","Newcastle upon Tyne","Tyne and Wear","","","","","NE27 0QJ",""
"ACCU","D","29/10/1999","","G4S Utility Services (UK) Ltd","14 Silver Fox Way","Cobalt Business Park","Newcastle upon Tyne","Tyne and Wear","","","","","NE27 0QJ",""
"ACCU","M","12/10/2007","","G4S Utility Services (UK) Ltd","14 Silver Fox Way","Cobalt Business Park","Newcastle upon Tyne","Tyne and Wear","","","","","NE27 0QJ",""
"ACTA","V","20/02/2004","","Actaris UK Limited","Langer Road","Felixstowe","Suffolk","England","","","","","IP11 2ER",""
"AEPD","X","03/05/2000","31/07/2003","11 Fenlock Court","Blenheim Office Park","Long Hanborough","Witney","Oxfordshire","","","","","OX29 8LN",""
"AFPL","Y","05/06/2000","","West Nash","Newport","Gwent","","","","","","","NP6 2BZ",""
"AGSS","X","17/12/1999","19/01/2007","33 Grosvenor Place","London","","","","","","","","SW1X 7HY",""
"AHEL","X","17/12/1999","09/02/2007","33 Grosvenor Place","London","","","","","","","","SW1X 7HY",""
"AHGL","X","17/12/1999","17/11/2006","33 Grosvenor Place","London","","","","","","","","SW1X 7HY",""
"AMGD","X","17/12/1999","09/02/2007","33 Grosvenor Place","London","","","","","","","","SW1X 7HY",""
"AMMR","6","02/09/2008","","ORSIS UK (Ltd)","Evans Business Centre","Hartwith Way","Harrogate","","","","","","HG3 2XA",""
"AMMR","8","09/11/2007","","Orsis UK (Ltd)","Unit 33","Evans Business Centre","Hartwith Way","Harrogate","","","","","HG3 2XA",""
"AMPE","X","15/06/2011","14/03/2012","Ampere Energy Supply Limited","Alliance House","Clayton Green Business Park","Library Road","Clayton-le-Woods","Chorley","","","","PR6 7EN",""
"ANRG","X","05/11/2004","10/08/2007","Oxford Centre for Innovation","Mill Street","Oxford","","","","","","","OX2 0JX",""
"AQES","X","03/05/2000","24/01/2003","21 Tothill St.","London","","","","","","","","SW1H 9LL",""
"AXIS","X","16/05/2012","","AXIS TELECOM LTD","SUITE E","SHIRETHORN HOUSE","PROPECT STREET","HULL","EAST YORKSHIRE","","","","HU2 8PX",""
"BERM","X","03/05/2000","23/05/2003","Barnett Way","Barnwood","Gloucester","","","","","","","GL4 3RS",""
"BGAS","0","14/03/2012","","British Gas Trading Ltd","Millstream","Maidenhead Road","Windsor","Berkshire","","","","","SL4 5GD",""
"BGAS","M","16/06/2010","","British Gas Trading Ltd","Millstream","Maidenhead Road","Windsor","Berkshire","","","","","SL4 5GD",""
"BGAS","X","01/04/1996","","British Gas Trading Ltd","Millstream","Maidenhead Road","Windsor","Berkshire","","","","","SL4 5GD",""
"BIZZ","X","07/07/2000","","British Gas Trading Ltd","Millstream East","Maidenhead Road","Windsor","Berkshire","","","","","SL4 5GD",""
"BMET","6","19/12/2003","","BGlobal Metering Limited","Arkwright House","Arkwright Court","Commercial Rd","Darwen","Lancashire","","","","BB3 0FG",""
"BMET","8","19/12/2003","","BGlobal Metering Limited","Arkwright House","Arkwright Court","Commercial Rd","Darwen","Lancashire","","","","BB3 0FG",""
"BMET","A","16/06/2010","","TMA Data Management Ltd","Argyll House","23 Brook Street","Kingston upon Thames","Surrey","","","","","KT1 2BN",""
"BMET","B","19/12/2003","","BGlobal Metering Limited","Arkwright House","Arkwright Court","Commercial Rd","Darwen","Lancashire","","","","BB3 0FG",""
"BMET","C","16/06/2010","","TMA Data Management Ltd","Argyll House","23 Brook Street","Kingston upon Thames","Surrey","","","","","KT1 2BN",""
"BMET","D","19/12/2003","","BGlobal Metering Limited","Arkwright House","Arkwright Court","Commercial Rd","Darwen","Lancashire","","","","BB3 0FG",""
"BMET","M","01/07/2006","","BGlobal Metering Limited","Arkwright House","Arkwright Court","Commercial Rd","Darwen","Lancashire","","","","BB3 0FG",""
"BMHH","M","16/11/2011","","BGlobal Metering Limited","Arkwright House","2 Arkwright Court","Commercial Road","Darwen","Lancashire","","","","BB3 0FG",""
"BNRG","0","19/09/2012","","Electricity Plus Supply Limited","Network HQ","333 Edgware Road","London","","","","","","NW9 6TD",""
"BNRG","X","05/11/2004","","Electricity Plus Supply Ltd","Dryden House","The Edge Business Centre","Humber Road","London","","","","","NW2 6EW",""
"BORL","Y","28/03/2000","","Eggborough Power Ltd","Windmill Hill Business Park","Whitehill Way","Swindon","Wiltshire","","","","","SN5 6PB",""
"BTEL","9","24/02/2011","","BT","BT Correspondence Centre","Providence Row","Durham","","","","","","DH98 1BT",""
"CALB","Z","01/04/1996","","1 Embankment Place","London","","","","","","","","WC2N 6NN",""
"CALL","X","17/10/2012","","Callisto Energy Supply Limited","Alliance House","Clayton Green Business Park","Library Road","Clayton-le-Woods","Chorley","","","","PR6 7EN",""
"CAML","8","25/03/2005","","Inexus (Services) Limited","Driscoll 2","Ellen Street","Cardiff","","","","","","CF10 4BP",""
"CAML","M","25/03/2005","","Inexus (Services) Limited","Driscoll 2","Ellen Street","Cardiff","","","","","","CF10 4BP",""
"CAND","X","01/04/1996","20/08/1999","Welton Gathering Centre","Barfield Lane","OFF Wragby Road","Sudbrooke","LINCOLN","","","","","LN2 2QU",""
"CAPG","G","01/04/1996","","Logica UK Limited","The Office Park","Springfield Drive","Leatherhead","Surrey","","","","","KT22 7LP",""
"CAPG","U","01/04/1996","","Logica UK Limited","The Office Park","Springfield Drive","Leatherhead","Surrey","","","","","KT22 7LP",""
"CDSL","M","01/04/1996","07/12/2007","PO BOX 56","101 Mill Lane","Newbury","Berks","","","","","","RG12 1HE",""
"CECO","Y","11/08/2000","","C/o InterGen (UK) Ltd","81 George Street","Edinburgh","","","","","","","EH2 3ES",""
"CESL","X","19/11/1999","29/04/2005","Manor Court","St Margarets Street","Ipswich","","","","","","","IP4 2AT",""
"CGEN","X","01/04/1996","19/01/2011","c/o E.ON UK plc","Westwood Way","Westwood Business Park","Coventry","","","","","","CV4 8LG",""
"CGTL","X","28/03/2000","29/04/2005","Cinergy House","Ryon Hill Park","Warwick Road","Stratford-Upon-Avon","Warwickshire","","","","","CV37 0UU",""
"CGUK","Y","05/06/2000","29/04/2005","Cinergy House","Ryon Hill Park","Warwick Road","Stratford Upon Avon","Warwickshire","","","","","CV37 OUU",""
"CIDA","3","14/12/2011","","MRA Service Company Limited","10 Fenchurch Street","London","","","","","","","EC3M 3BE",""
"CIDA","6","14/12/2011","","MRA Service Company Limited","10 Fenchurch Street","London","","","","","","","EC3M 3BE",""
"CIDA","8","14/12/2011","","MRA Service Company Limited","10 Fenchurch Street","London","","","","","","","EC3M 3BE",""
"CIDA","A","14/12/2011","","MRA Service Company Limited","10 Fenchurch Street","London","","","","","","","EC3M 3BE",""
"CIDA","B","14/12/2011","","MRA Service Company Limited","10 Fenchurch Street","London","","","","","","","EC3M 3BE",""
"CIDA","C","14/12/2011","","MRA Service Company Limited","10 Fenchurch Street","London","","","","","","","EC3M 3BE",""
"CIDA","D","14/12/2011","","MRA Service Company Limited","10 Fenchurch Street","London","","","","","","","EC3M 3BE",""
"CIDA","J","14/12/2011","","MRA Service Company Limited","10 Fenchurch Street","London","","","","","","","EC3M 3BE",""
"CIDA","L","14/12/2011","","MRA Service Company Limited","10 Fenchurch Street","London","","","","","","","EC3M 3BE",""
"CIDA","M","14/12/2011","","MRA Service Company Limited","10 Fenchurch Street","London","","","","","","","EC3M 3BE",""
"CIDA","P","14/12/2011","","MRA Service Company Limited","10 Fenchurch Street","London","","","","","","","EC3M 3BE",""
"CIDA","R","14/12/2011","","MRA Service Company Limited","10 Fenchurch Street","London","","","","","","","EC3M 3BE","97"
"CIDA","V","14/12/2011","","MRA Service Company Limited","10 Fenchurch Street","London","","","","","","","EC3M 3BE",""
"CIDA","W","14/12/2011","","MRA Service Company Limited","10 Fenchurch Street","London","","","","","","","EC3M 3BE",""
"CIDB","3","14/12/2011","","MRA Service Company Limited","10 Fenchurch Street","London","","","","","","","EC3M 3BE",""
"CIDB","6","14/12/2011","","MRA Service Company Limited","10 Fenchurch Street","London","","","","","","","EC3M 3BE",""
"CIDB","8","14/12/2011","","MRA Service Company Limited","10 Fenchurch Street","London","","","","","","","EC3M 3BE",""
"CIDB","A","14/12/2011","","MRA Service Company Limited","10 Fenchurch Street","London","","","","","","","EC3M 3BE",""
"CIDB","B","14/12/2011","","MRA Service Company Limited","10 Fenchurch Street","London","","","","","","","EC3M 3BE",""
"CIDB","C","14/12/2011","","MRA Service Company Limited","10 Fenchurch Street","London","","","","","","","EC3M 3BE",""
"CIDB","D","14/12/2011","","MRA Service Company Limited","10 Fenchurch Street","London","","","","","","","EC3M 3BE",""
"CIDB","J","14/12/2011","","MRA Service Company Limited","10 Fenchurch Street","London","","","","","","","EC3M 3BE",""
"CIDB","L","14/12/2011","","MRA Service Company Limited","10 Fenchurch Street","London","","","","","","","EC3M 3BE",""
"CIDB","M","14/12/2011","","MRA Service Company Limited","10 Fenchurch Street","London","","","","","","","EC3M 3BE",""
"CIDB","P","14/12/2011","","MRA Service Company Limited","10 Fenchurch Street","London","","","","","","","EC3M 3BE",""
"CIDB","R","14/12/2011","","MRA Service Company Limited","10 Fenchurch Street","London","","","","","","","EC3M 3BE","98"
"CIDB","V","14/12/2011","","MRA Service Company Limited","10 Fenchurch Street","London","","","","","","","EC3M 3BE",""
"CIDB","W","14/12/2011","","MRA Service Company Limited","10 Fenchurch Street","London","","","","","","","EC3M 3BE",""
"CIDC","3","14/12/2011","","MRA Service Company Limited","10 Fenchurch Street","London","","","","","","","EC3M 3BE",""
"CIDC","6","14/12/2011","","MRA Service Company Limited","10 Fenchurch Street","London","","","","","","","EC3M 3BE",""
"CIDC","8","14/12/2011","","MRA Service Company Limited","10 Fenchurch Street","London","","","","","","","EC3M 3BE",""
"CIDC","A","14/12/2011","","MRA Service Company Limited","10 Fenchurch Street","London","","","","","","","EC3M 3BE",""
"CIDC","B","14/12/2011","","MRA Service Company Limited","10 Fenchurch Street","London","","","","","","","EC3M 3BE",""
"CIDC","C","14/12/2011","","MRA Service Company Limited","10 Fenchurch Street","London","","","","","","","EC3M 3BE",""
"CIDC","D","14/12/2011","","MRA Service Company Limited","10 Fenchurch Street","London","","","","","","","EC3M 3BE",""
"CIDC","J","14/12/2011","","MRA Service Company Limited","10 Fenchurch Street","London","","","","","","","EC3M 3BE",""
"CIDC","L","14/12/2011","","MRA Service Company Limited","10 Fenchurch Street","London","","","","","","","EC3M 3BE",""
"CIDC","M","14/12/2011","","MRA Service Company Limited","10 Fenchurch Street","London","","","","","","","EC3M 3BE",""
"CIDC","P","14/12/2011","","MRA Service Company Limited","10 Fenchurch Street","London","","","","","","","EC3M 3BE",""
"CIDC","R","14/12/2011","","MRA Service Company Limited","10 Fenchurch Street","London","","","","","","","EC3M 3BE","99"
"CIDC","V","14/12/2011","","MRA Service Company Limited","10 Fenchurch Street","London","","","","","","","EC3M 3BE",""
"CIDC","W","14/12/2011","","MRA Service Company Limited","10 Fenchurch Street","London","","","","","","","EC3M 3BE",""
"CIRC","X","15/06/2011","","Circuit Energy Supply Limited","Ground Floor, North Malting","Felaw Maltings","48 Felaw Street","Ipswich","","","","","IP2 8PN",""
"CNDL","X","18/11/2009","","Candela Energy Supply Limited","Eversheds House","70 Great Bridgewater Street","Manchester","UNITED KINGDOM","","","","","M1 5ES",""
"CNRG","0","20/07/2012","","Cherwell Energy Limited","Opus House","285 Banbury Road","Oxford","","","","","","OX2 7JF",""
"CNRG","X","05/11/2004","","Opus Energy (Corporate) Limited","Lambourne House","311-321 Banbury Road","Oxford","","","","","","OX2 7JH",""
"COOP","X","12/06/2009","","c/o Gilmond Consulting Ltd","Richmond House","Richmond Hill","Bournemouth","","","","","","BH2 6EQ",""
"COUL","X","15/06/2011","","Coulomb Energy Supply Limited","px House","Westpoint Road","Stockton-on-Tees","","","","","","TS17 6BF",""
"CROW","X","01/01/2007","","Reuben Power Supply Limited","PRI House","Moorside Road","Winchester","","","","","","SO23 7RX",""
"CUST","8","14/03/2003","","Dummy ID for Customers","See metering point address for details","","","","","","","","Dummy",""
"CUST","9","15/02/2012","","Dummy ID for Customers","See metering point address for details","","","","","","","","Dummy",""
"DAMC","Y","28/03/2000","","c/o Entergy Power Group","2 George Yard","Lombard Street","LONDON","","","","","","EC3V 9DH",""
"DASL","A","01/04/1996","","Siemens MCS","Woodyard Lane","Off Lambourne Drive","Wollaton","Nottingham","","","","","NG8 1GB",""
"DASL","C","01/04/1996","","Siemens MCS","Woodyard Lane","Off Lambourne Drive","Wollaton","Nottingham","","","","","NG8 1GB",""
"DASL","M","01/04/1996","","Siemens MCS","Woodyard Lane","Off Lambourne Drive","Wollaton","Nottingham","","","","","NG8 1GB",""
"DDCL","C","01/04/1996","07/12/2007","Chancery House","St. Nicholas Way","Sutton","Surrey","","","","","","SM1 1JB",""
"DDCL","D","01/04/1996","07/12/2007","Chancery House","St. Nicholas Way","Sutton","Surrey","","","","","","SM1 1JB",""
"DEES","Y","03/05/2000","","Windmill Hill Business Park","Whitehill Way","SWINDON","Wiltshire","","","","","","SN5 6PB",""
"DNRG","X","14/07/2010","","Donnington Energy Limited","Lambourne House","311-321 Banbury Road","Oxford","","","","","","OX2 7JH",""
"DRAK","Y","10/11/2000","09/03/2007","Wherstead Business Park","Wherstead","Ipswich","Suffolk","","","","","","IP9 2AQ",""
"DRAX","Y","20/08/1999","","Windmill Hill Business Park","Whitehill Way","Swindon","Wiltshire","","","","","","SN5 6PB",""
"DUAL","X","17/02/2010","","Dual Energy Direct Limited","Atlantic House","Jengers Mead","Billingshurst","West Sussex","","","","","RH14 9PB",""
"EASL","I","01/04/1996","","30 Millbank","London","","","","","","","","SW1P 4RD",""
"EASL","K","01/04/1996","04/06/2004","30 Millbank","London","","","","","","","","SW1P 4RD",""
"EBES","X","18/11/2009","","BES Commercial Electricity Ltd","Parkside Stand","Fleetwood Town Football Club","Park Avenue","Fleetwood","","","","","FY7 6TX",""
"ECOA","X","04/03/2005","","British Gas Trading Ltd","Millstream East","Maidenhead Road","Windsor","Berkshire","","","","","SL4 5GD",""
"ECOB","X","04/03/2005","16/03/2011","Energy Co2 Limited","EDW Technology Ltd","3 Radian Court","Knowlhill","Milton Keynes","","","","","MK5 8PJ",""
"ECOE","L","10/02/2006","","C&C Group Holdings Ltd","Bourne House","475 Godstone Road","Whyteleafe","Surrey","","","","","CR3 0BL",""
"ECON","X","21/01/2000","","Reuben Power Supply Limited","PRI House","Moorside road","Winchester","","","","","","SO23 7RX",""
"ECOT","X","13/09/2002","","Renewable Energy Company Ltd","Axiom House","Station Road","Stroud","Gloucestershire","","","","","GL5 3AP",""
"ECSM","8","17/04/2003","","54 Bengeworth Road","London","","","","","","","","SE5 9AJ",""
"EDFE","1","16/01/2013","","EDF Energy Customers plc","40 Grosvenor Place","London","","","","","","","SW1X 7EN",""
"EDFE","8","28/06/2008","","EDF Energy Customer Field Service","255 Broadway","Bexleyheath","Kent","","","","","","DA6 8ET",""
"EDFI","3","16/04/2009","","UK Power Networks (IDNO)","Energy House","Hazelwick Avenue","Three Bridges","Crawley","West Sussex","","","","RH10 1EX",""
"EDFI","J","16/04/2009","","UK Power Networks (IDNO)","Energy House","Hazelwick Avenue","Three Bridges","Crawley","West Sussex","","","","RH10 1EX",""
"EDFI","P","16/04/2009","","UK Power Networks (IDNO)","Energy House","Hazelwick Avenue","Three Bridges","Crawley","West Sussex","","","","RH10 1EX",""
"EDFI","R","16/04/2009","","UK Power Networks (IDNO)","Energy House","Hazelwick Avenue","Three Bridges","Crawley","West Sussex","","","","RH10 1EX","28"
"EDFI","W","16/04/2009","","UK Power Networks (IDNO)","255 Broadway","Bexkeyheath","Kent","","","","","","DA6 8ET",""
"EDIR","X","01/04/1996","","Electricity Direct (UK)","1 Livingston Road","Hove","East Sussex","","","","","","BN3 3RS",""
"EELC","0","15/08/2012","","E.ON UK","Westwood Way","Westwood Business Park","Coventry","","","","","","CV4 8LG",""
"EELC","3","01/04/1996","","Eastern Power Networks","Energy House","Hazelwick Avenue","Three Bridges","Crawley","West Sussex","","","","RH10 1EX",""
"EELC","4","01/04/1996","","Wherstead Park","PO Box 40","Wherstead","IPSWICH","","","","","","IP9 2AQ",""
"EELC","6","30/04/2004","","Siemens MCS","Woodyard Lane","Off Lambourne Drive","Wollaton","Nottingham","","","","","NG8 1GB",""
"EELC","8","17/04/2003","","Eastern Power Networks","Energy House","Hazelwick Avenue","Three Bridges","Crawley","West Sussex","","","","RH10 1EX",""
"EELC","B","01/04/1996","","Siemens MCS","Woodyard Lane","Off Lambourne Drive","Wollaton","Nottingham","","","","","NG8 1GB",""
"EELC","D","01/04/1996","","Siemens MCS","Woodyard Lane","Off Lambourne Drive","Wollaton","Nottingham","","","","","NG8 1GB",""
"EELC","J","01/04/1996","","Eastern Power Networks","Energy House","Hazelwick Avenue","Three Bridges","Crawley","West Sussex","","","","RH10 1EX",""
"EELC","M","01/04/1996","","Siemens MCS","Woodyard Lane","off Lambourne Road","Nottingham","","","","","","NG8 1GB",""
"EELC","P","01/04/1996","","Eastern Power Networks","Energy House","Hazelwick Avenue","Three Bridges","Crawley","West Sussex","","","","RH10 1EX",""
"EELC","R","01/04/1996","","Eastern Power Networks","Energy House","Hazelwick Avenue","Three Bridges","Crawley","West Sussex","","","","RH10 1EX","10"
"EELC","V","01/04/1996","","Wherstead Park","PO Box 40","Wherstead","IPSWICH","","","","","","IP9 2AQ",""
"EELC","W","01/04/1996","","Eastern Power Networks","255 Broadway","Bexleyheath","Kent","","","","","","DA6 8ET",""
"EELC","X","01/04/1996","","E.ON Energy Ltd","Westwood Way","Westwood Business Park","Coventry","","","","","","CV4 8LG",""
"EENG","0","15/08/2012","","E.ON UK","Westwood Way","Westwood Business Park","Coventry","","","","","","CV4 8LG",""
"EENG","X","17/08/1998","","E.ON Energy Ltd","Westwood Way","Westwood Business Park","Coventry","","","","","","CV4 8LG",""
"EETL","X","14/03/2012","","Economy Energy Trading Limited","Rapide House","Siskin Parkway West","Coventry","","","","","","CV3 4PB",""
"EFPL","Y","20/08/1999","","Landsdowne House","Berkeley Square","London","","","","","","","W1X 5DH",""
"ELED","X","22/11/2002","01/09/2006","Eledor Limited","Richmond House","Richmond Hill","BOURNEMOUTH","","","","","","BH1 1RQ",""
"EMEB","0","15/08/2012","","E.ON UK","Westwood Way","Westwood Business Park","Coventry","","","","","","CV4 8LG",""
"EMEB","1","15/08/2012","","E.ON UK","Westwood Way","Westwood Business Park","Coventry","","","","","","CV4 8LG",""
"EMEB","2","15/08/2012","","E.ON UK","Westwood Way","Westwood Business Park","Coventry","","","","","","CV4 8LG",""
"EMEB","3","09/11/1998","","E.ON UK","Westwood Way","Westwood Business Park","Coventry","","","","","","CV4 8LG",""
"EMEB","4","09/11/1998","18/01/2012","Siemens Metering Services","Woodyard Lane","Off Lambourne Drive","Wollaton","Nottingham","","","","","NG8 1GB",""
"EMEB","6","30/04/2004","","Siemens MCS","Woodyard Lane","Off Lambourne Drive","Wollaton","Nottingham","","","","","NG8 1GB",""
"EMEB","8","29/05/2003","","Western Power Distribution East Midlands","Avonbank","Feeder Road","Bristol","","","","","","BS2 0TB",""
"EMEB","B","01/04/1996","","E.ON UK Energy Services Limited","Westwood Way","Westwood Business Park","Coventry","","","","","","CV4 8LG",""
"EMEB","D","01/04/1996","","E.ON UK Energy Services Limited","Westwood Way","Westwood Business Park","Coventry","","","","","","CV4 8LG",""
"EMEB","J","09/11/1998","","Western Power Distribution East Midlands","Pegasus Business Park","Herald Way","Castle Donnington","Derbyshire","","","","","DE74 2TU",""
"EMEB","M","01/04/1996","","E.ON UK Energy Services Limited","Westwood Way","Westwood Business Park","Coventry","","","","","","CV4 8LG",""
"EMEB","P","01/04/1996","","Western Power Distribution East Midlands","Pegasus Business Park","Herald Way","Castle Donnington","Derbyshire","","","","","DE74 2TU",""
"EMEB","R","01/04/1996","","Western Power Distribution East Midlands","Pegasus Business Park","Herald Way","Castle Donnington","Derbyshire","","","","","DE74 2TU","11"
"EMEB","V","09/03/1999","","Powergen Energy plc","P O Box 123","Nottingham","","","","","","","NG1 6HD",""
"EMEB","W","09/11/1998","","Western Power Distribution East Midlands","Pegasus Business Park","Herald Way","Castle Donnington","Derbyshire","","","","","DE74 2TU",""
"EMEB","X","01/04/1996","","E.ON Energy Ltd","Westwood Way","Westwood Business Park","Coventry","","","","","","CV4 8LG",""
"EMGE","Y","07/07/2000","","Wherstead park","P O Box 40","Wherstead","Ipswich","","","","","","IP9 2AQ",""
"ENDC","X","10/12/2004","","Energy Data Company Limited","Hurst House","131-133 New London Road","Chelmsford","Essex","","","","","CM2 0QT",""
"ENEC","X","17/03/2010","","Eneco Energy Trade BV","Rivium Quadrant 75","Capelle aan den Ijjsel","Netherlands","","","","","","2909LC",""
"ENGY","6","09/03/2007","","Energy Assets Ltd","Stadium House","Alderstone Road","Livingston","West Lothian","","","","","EH54 7DN",""
"ENRD","0","14/03/2012","","British Gas Trading Ltd","Millstream","Maidenhead Road","Windsor","Berkshire","","","","","SL4 5GD",""
"ENRD","X","01/04/1996","","British Gas Trading Ltd","Millstream East","Maidenhead","Windsor","Berkshire","","","","","SL4 5GD",""
"ENRG","0","20/07/2012","","Evenlode Energy Limted","Opus House","285 Banbury Road","Oxford","","","","","","OX2 7JF",""
"ENRG","X","14/07/2010","","Evenlode Energy Limted","Lambourne House","311-321 Banbury Road","Oxford","","","","","","OX2 7JH",""
"ENRO","X","01/04/1996","16/03/2001","4 Millbank","London","","","","","","","","SW1P 3ET",""
"EPFA","F","01/04/1996","","The National Grid Company Building","185 Park Street","London","","","","","","","SE1 9DY",""
"EPHH","X","09/08/2002","","Trafford Plaza","Seymour Grove","Old Trafford","Manchester","","","","","","M16 0LD",""
"ESCL","X","01/04/1996","20/08/1999","The Havens","Ransomes Europark","Ipswich","SUFFOLK","","","","","","IP3 9SJ",""
"ESIS","S","01/04/1996","","Fairham House","Green Lane","Clifton","Nottingham","","","","","","NG11 9LN",""
"ESML","8","01/07/2006","","Westwood Way","Westwood Business Park","Coventry","","","","","","","CV4 8LG",""
"ESML","M","28/07/2006","","Eon UK Energy Services Ltd","Westwood Way","Westwood Business Park","Coventry","","","","","","CV4 8LG",""
"ESPO","X","17/10/2003","05/11/2004","36 Park Road","Southampton","","","","","","","","SO15 3BB",""
"ETCL","3","05/02/2008","","Electricity Network Company","Energy House","Woolpit Business Park","Bury St Edmunds","Suffolk","","","","","IP30 9UP",""
"ETCL","8","26/05/2006","","Energy House","Woolpit Business Park","Woolpit","Bury St Edmunds","Suffolk","","","","","IP30 9UP",""
"ETCL","J","26/05/2006","","Energy House","Woolpit Business Park","Woolpit","Bury St Edmunds","Suffolk","","","","","IP30 9UP",""
"ETCL","M","26/05/2006","","Energy House","Woolpit Business Park","Woolpit","Bury St Edmunds","Suffolk","","","","","IP30 9UP",""
"ETCL","P","26/05/2006","","Energy House","Woolpit Business Park","Woolpit","Bury St Edmunds","Suffolk","","","","","IP30 9UP",""
"ETCL","R","26/05/2006","","The Electricity Network Company Ltd","Energy House","Woolpit Business Park","Woolpit","Bury St Edmunds","Suffolk","","","","IP30 9UP","27"
"ETOL","Y","20/08/1999","","Wilton","P O Box 54","Middleborough","Cleveland","","","","","","TS90 8JA",""
"EURO","X","17/10/2012","","Europa Energy Supply Limited","Alliance House","Clayton Green Business Park","Library Road","Clayton-le-Woods","Chorley","","","","PR6 7EN",""
"FNRG","X","14/07/2010","","Farmoor Energy Limited","Lambourne House","311-321 Banbury Road","Oxford","","","","","","OX2 7JH",""
"FORT","X","03/05/2000","09/03/2007","101, Wigmore Street,","London,","","","","","","","","W1H 9AB",""
"FOUR","X","07/12/2007","","IPM Energy Retail Ltd","Senator House","85 Queen Victoria Street","London","","","","","","EC4V 4DP",""
"FRST","X","01/12/2005","","First Utility Ltd","19 South Audley street","London","","","","","","","W1K 2NU",""
"FUAP","8","06/10/2006","","19 South Audley Street","London","","","","","","","","W1K 2NU",""
"GANY","X","17/10/2012","","Ganymede Energy Supply Limited","Alliance House","Clayton Green Business Park","Library Road","Clayton-le-Woods","Chorley","","","","PR6 7EN",""
"GCHP","Y","03/05/2000","","GUS Building","PO Box 30","Bo'Ness Road","Grangemouth","","","","","","FK3 9XQ",""
"GDAD","1","19/12/2012","","Green Deal Advice 247 Ltd","Unit 5 Venture Court","Metcalf Drive","Altham","Lancashire","","","","","BB5 5WH",""
"GDAI","1","18/07/2012","","Anglian Home Improvements","Unit 30","59 Hurricane Way","Airport Ind Est","Norwich","Norfolk","","","","NR6 6JB",""
"GDAI","2","18/07/2012","","Anglian Home Improvements","Unit 30","59 Hurricane Way","Airport Ind Est","Norwich","Norfolk","","","","NR6 6JB",""
"GDAL","1","17/10/2012","","Anesco Ltd","The Green","Easter Park","Benyon Road","Reading","","","","","RG7 2PQ",""
"GDAM","1","18/07/2012","","Ampre Green Deal Limited","12 Riverside Units","Riverside Road","Pottington Business Park","Barnstable","","","","","EX31 1QN",""
"GDAP","1","17/10/2012","","Apple Panels Ltd","Unit 397","Aviation Park West","Bournemouth Int Airport","Hurn Christchurch","","","","","BH23 6NW",""
"GDAS","1","14/11/2012","","Aran Services Ltd","The Old Station","Units 1-6","Higham","Bury St Edmunds","Suffolk","","","","IP28 6NE",""
"GDBE","1","18/07/2012","","BritishEco Limited","Unit 1A","Oaklands Business Centre","Oaklands Park","Wokingham","Berkshire","","","","RG41 2FD",""
"GDBE","2","18/07/2012","","BritishEco Limited","Unit 1A","Oaklands Business Centre","Oaklands Park","Wokingham","Berkshire","","","","RG41 2FD",""
"GDBG","1","19/09/2012","","British Gas Trading Ltd","Millstream","Maidenhead Road","Windsor","Berkshire","","","","","SL4 5GD",""
"GDBG","2","19/09/2012","","British Gas Trading Ltd","Millstream","Maidenhead Road","Windsor","Berkshire","","","","","SL4 5GD",""
"GDCC","Z","14/03/2012","","MRA Service Company","10 Fenchurch Street","London","","","","","","","EC3M 3BE",""
"GDCE","1","18/07/2012","","Carillion Energy Services","Partnership House","Regents Farm Road","Gosforth","Newcastle Upon Tyne","","","","","NE3 3AF",""
"GDCE","2","18/07/2012","","Carillion Energy Services","Partnership House","Regents Farm Road","Gosforth","Newcastle Upon Tyne","","","","","NE3 3AF",""
"GDCL","1","18/07/2012","","CarbonLow Real Estate Ltd","Cuckoostone Grange","Cuckoostone Lane","Matlock","Derbyshire","","","","","DE4 5LZ",""
"GDCL","2","18/07/2012","","CarbonLow Real Estate Ltd","Cuckoostone Grange","Cuckoostone Lane","Matlock","Derbyshire","","","","","DE4 5LZ",""
"GDCM","1","14/11/2012","","Climate Energy Ltd","Countrywide House","Freebournes Road","Witham","Essex","","","","","CM8 3UN",""
"GDCM","2","14/11/2012","","Climate Energy Ltd","Countrywide House","Freebournes Road","Witham","Essex","","","","","CM8 3UN",""
"GDCP","1","19/12/2012","","Capital Energy","Unit 4 Grange Road","Houstoun Ind Estate","Livingston","","","","","","EH54 5DE",""
"GDCS","1","19/09/2012","","City Energy South Wales Ltd","354-356 Cowbridge Road East","Canton","Cardiff","","","","","","CF5 1HE",""
"GDDL","1","14/11/2012","","Green Deal Direct Ltd","Trident House","175 Renfrew Road","Paisley","","","","","","PA3 4EF",""
"GDEC","1","17/10/2012","","The Big Green Energy Company","GAIL HOUSE","Hudcar lane","Bury","Greater Manchester","","","","","BL9 6EY",""
"GDEE","1","18/07/2012","","Enact Energy Renewables Ltd","Enact House","Tolvaddon Energy Park","Tolvaddon","Cornwall","","","","","TR14 0HX",""
"GDEM","1","18/07/2012","","Empower Community Mgt Ltd","Top Floor","Old George Brewery","Rollestone Street","Salisbury","","","","","SP1 1DX",""
"GDEM","2","18/07/2012","","Empower Community Mgt Ltd","Top Floor","Old George Brewery","Rollestone Street","Salisbury","","","","","SP1 1DX",""
"GDEN","1","19/12/2012","","Enhance Energy","73 Home Farm Way","Swansea","","","","","","","SA4 9HF",""
"GDET","1","14/11/2012","","Energy Trust","Unit 4 Beauchamp Industrial Park","Two Gates","Tamworth","Staffordshire","","","","","B77 5BZ",""
"GDEX","1","14/11/2012","","Green Deal Express","208 Newland Ave","Hull","","","","","","","Hu5 2nd",""
"GDFC","1","15/08/2012","","The Green Deal Finance Company","c/o PricewaterhouseCoopers LLP","7 More London Riverside","London","","","","","","SE1 2RT",""
"GDFC","2","15/08/2012","","The Green Deal Finance Company","c/o PricewaterhouseCoopers LLP","7 More London Riverside","London","","","","","","SE1 2RT",""
"GDFI","1","19/12/2012","","FITGAS Ltd","Unit 2","76 Stephenson Way","Formby","Liverpool","","","","","L37 8EG",""
"GDFI","2","19/12/2012","","FITGAS Ltd","Unit 2","76 Stephenson Way","Formby","Liverpool","","","","","L37 8EG",""
"GDGG","1","18/07/2012","","Grafton Group","Gemini One","5520 Oxford Business Park","Cowley","Oxford","","","","","OX4 2LL",""
"GDGH","1","17/10/2012","","GHE Solar Ltd","Grange Farm","Long Lane","Newbury","","","","","","RG14 2TF",""
"GDGT","1","18/07/2012","","Gentoo","Emperor House","1 Emperor Way","Doxford Park","Sunderland","","","","","SR3 3XR",""
"GDGT","2","18/07/2012","","Gentoo","Emperor House","1 Emperor Way","Doxford Park","Sunderland","","","","","SR3 3XR",""
"GDHE","1","14/11/2012","","HELMS Ltd","131 Cambuslang Road","Cambuslang Investment Park","Cambuslang","Glasgow","","","","","G31 8NB",""
"GDIE","1","17/10/2012","","Infinity Energy Org","Popin Business Centre Unit 2a","South Way","Wembley","","","","","","HA9 0HB",""
"GDIG","1","18/07/2012","","Insta Group","Insta House","Ivanhoe Road","Hogwood Business Park","Finchampstead","Berkshire","","","","RG40 4PZ",""
"GDIG","2","18/07/2012","","Insta Group","Insta House","Ivanhoe Road","Hogwood Business Park","Finchampstead","Berkshire","","","","RG40 4PZ",""
"GDIS","1","17/10/2012","","Inteb Sustainability Limited","Rural Business Centre","St Michael's Road","Bilsborrow","","","","","","PR3 0RY",""
"GDKF","1","18/07/2012","","Kingfisher Future Homes","3 Sheldon Square","Paddington","London","","","","","","W2 6PX",""
"GDKF","2","18/07/2012","","Kingfisher Future Homes","3 Sheldon Square","Paddington","London","","","","","","W2 6PX",""
"GDKM","1","18/07/2012","","Keepmoat","The Waterfront","Lakeside Boulevard","Doncaster","","","","","","DN4 5PL",""
"GDLE","1","17/10/2012","","Local Energy","22 Upper Woburn Place","London","","","","","","","WC1H 0TB",""
"GDMG","1","18/07/2012","","Mark Group Ltd","70 BOSTON ROAD","BEAUMONT LEYS","LEICESTER","","","","","","LE4 1AW",""
"GDMG","2","18/07/2012","","Mark Group Ltd","70 BOSTON ROAD","BEAUMONT LEYS","LEICESTER","","","","","","LE4 1AW",""
"GDMT","1","14/11/2012","","MEB Total Ltd","Unit DI","Fenton Trade Park","Dewsbury Road","Fenton","","","","","ST4 2TE",""
"GDMT","2","14/11/2012","","MEB Total Ltd","Unit DI","Fenton Trade Park","Dewsbury Road","Fenton","","","","","ST4 2TE",""
"GDNE","1","19/09/2012","","Nationwide Energy Consultants","19 Ptarmigan Place","Attleborough Fields","Nuneaton","","","","","","CV11 6RX",""
"GDNG","1","17/10/2012","","Network Green Deal Ltd","2 Lands End Way","Oakham","Rutland","","","","","","LE15 6RB",""
"GDNG","2","17/10/2012","","Network Green Deal Ltd","2 Lands End Way","Oakham","Rutland","","","","","","LE15 6RB",""
"GDOB","1","19/12/2012","","1 Business Enterprise Ltd","Suite 2b","The Business Development Center","Eanam Wharf","Blackburn","","","","","BB1 5BL",""
"GDOG","1","15/08/2012","","OUR GENERATION LIMITED","70 BOSTON ROAD","BEAUMONT LEYS","LEICESTER","","","","","","LE4 1AW",""
"GDOG","2","15/08/2012","","OUR GENERATION LIMITED","70 BOSTON ROAD","BEAUMONT LEYS","LEICESTER","","","","","","LE4 1AW",""
"GDPE","1","17/10/2012","","Physis Energy Ltd","Unit 15e Albion Mills","Albion Road","Greengates","","","","","","BD10 9TQ",""
"GDPN","1","19/12/2012","","Green Deal Provider Network","Eliburn","Livingston","West Lothian","","","","","","EH54 6TB",""
"GDPN","2","19/12/2012","","Green Deal Provider Network","Eliburn","Livingston","West Lothian","","","","","","EH54 6TB",""
"GDRE","1","18/07/2012","","ReEnergise Finance Ltd.","20 Headley Road","Grayshott","Airport Ind Est","","","","","","GU26 6LB",""
"GDRE","2","18/07/2012","","ReEnergise Finance Ltd.","20 Headley Road","Grayshott","Airport Ind Est","","","","","","GU26 6LB",""
"GDRI","1","14/11/2012","","Renewable Infrastructure Ltd","B1 Empireway","Burnley","Lancashire","","","","","","BB12 6HH",""
"GDRS","2","14/11/2012","","RateSetter","Unit 406 Great Guildford Business Square","30 Great Guildford Street","London","","","","","","SE1 0HS",""
"GDSE","1","19/12/2012","","G2V Solar Energy Solutions Ltd","69 Derby Road","Farnworth","Widnes","Cheshire","","","","","WA8 9LQ",""
"GDSR","1","19/12/2012","","Solus Renewable Energy Ltd","Woodland Granaries","Narrow Lane","Wymeswold","Leicestershire","","","","","LE12 6SD",""
"GDSS","1","14/11/2012","","Silverstone Green Energy Ltd","Units 5&6 Rushacre Enterprise Park","Redstone Road","Narberth","","","","","","SA67 7ET",""
"GDST","1","18/07/2012","","Stroma Energy Limited","4 Pioneer Way","Pioneer Business Park","Castleford","West Yorkshire","","","","","WF10 5QU",""
"GDST","2","18/07/2012","","Stroma Energy Limited","4 Pioneer Way","Pioneer Business Park","Castleford","West Yorkshire","","","","","WF10 5QU",""
"GDTO","1","18/07/2012","","Toriga Energy Ltd","Mooreedge Farm","The Holme","Darley","Harrogate","North Yorkshire","","","","HG3 2PP",""
"GDTO","2","15/08/2012","","Toriga Energy Ltd","Mooredge Farm","The Holme","Darley","Harrogate","North Yorkshire","","","","HG3 2PP",""
"GDUS","1","15/08/2012","","Utd Sustainable Energy Agency","National Energy Centre","Davy Avenue","Milton Keynes","UK","","","","","MK5 8NG",""
"GDWU","1","14/11/2012","","Wolseley UK","The Wolseley Center","Harrison Way","Royal Leamington Spa","","","","","","CV31 3HH",""
"GDWU","2","14/11/2012","","Wolseley UK","The Wolseley Center","Harrison Way","Royal Leamington Spa","","","","","","CV31 3HH",""
"GDYE","1","18/07/2012","","Yorkshire Energy Services","Unit 9","St Georges Quarter","New North Parade","Huddersfield","","","","","HD1 5JP",""
"GETW","X","04/06/2004","","Utilita Energy Limited","Secure House","Moorside Rd","Winchester","","","","","","SO23 7RX",""
"GLAC","X","16/02/2001","11/01/2008","The Gas Light & Coke Company","Queensway House","207 - 209 Queensway","Bletchley","Milton Keynes","","","","","MK2 2ED",""
"GMTR","X","16/04/2009","","Gazprom Marketing & Trading Retail Ltd","5th Floor Bauhaus","27 Quay Street","Manchester","","","","","","M3 3GY",""
"GNRG","X","14/07/2010","","Garsington Energy Limited","Black Swan House","23 Baldock Street","Ware","","","","","","SG12 9DH",""
"GREN","X","11/08/2000","24/03/2006","42 Barnfield Place","London","","","","","","","","E14 9YA",""
"GUCL","3","22/12/2006","","Energetics Electricity Ltd","International House","Stanley Boulevard","Hamilton International Technology Park","Glasgow","","","","","G72 0BN",""
"GUCL","P","03/06/2005","","Energetics Electricity Ltd","International House","Stanley Boulevard","Hamilton International Technology Park","Glasgow","","","","","G72 0BN",""
"GUCL","R","03/06/2005","","Energetics Electricity Ltd","International House","Stanley Boulevard","Hamilton International Technology Park","Glasgow","","","","","G72 0BN","26"
"GYPL","Y","11/08/2000","","Ventureforth House","South Denes Road","Great Yarmouth","Norfolk","","","","","","NR30 3PT",""
"HAVE","X","01/12/2006","","Haven Power Limited","Nidera House","The Havens Ransomes Europark","Ipswich","","","","","","IP3 9SJ",""
"HELE","X","04/09/1998","23/05/2003","Inveralmond House","200 Dunkeld Road","Perth","","","","","","","PH1 3AQ",""
"HMAR","Y","10/11/2000","09/03/2007","Wherstead Business Park","Wherstead","Ipswich","Suffolk","","","","","","IP9 2AQ",""
"HPOW","X","17/02/2010","","Haven Power Limited","The Havens","Ransomes Europark","Ipswich","Suffolk","","","","","IP3 9SJ",""
"HUDS","X","15/03/2012","","Hudson Energy Supply UK Ltd","Avebury House","219 -225 Avebury Boulevard","Milton Keynes","","","","","","MK9 1AU",""
"HYDE","0","20/07/2012","","SSE Plc","Inveralmond House","200 Dunkeld Road","Perth","","","","","","PH1 3AQ",""
"HYDE","3","01/10/1997","","Scottish Hydro-Electric Distribution Ltd","Head Office","Inveralmond House","200 Dunkeld Road","Perth","","","","","PH1 3AQ",""
"HYDE","8","17/04/2003","","Inveralmond House","200 Dunkeld Road","Perth","","","","","","","PH1 3AQ",""
"HYDE","A","01/04/1996","","Scottish & Southern Metering","Head Office","Inveralmond House","200 Dunkeld Road","Perth","","","","","PH1 3AQ",""
"HYDE","B","01/04/1996","","Scottish & Southern Metering Ltd","Head Office","Inveralmond House","200 Dunkeld Road","Perth","","","","","PH1 3AQ",""
"HYDE","C","01/04/1996","","SSE Plc","Head Office","Inveralmond House","200 Dunkeld Road","Perth","","","","","PH1 3AQ",""
"HYDE","D","01/04/1996","","Scottish & Southern Metering","Head Office","Inveralmond House","200 Dunkeld Road","Perth","","","","","PH1 3AQ",""
"HYDE","E","01/10/1997","","Inveralmond House","200 Dunkeld Road","Perth","","","","","","","PH1 3AQ",""
"HYDE","I","01/10/1997","","Inveralmond House","200 Dunkeld Road","Perth","","","","","","","PH1 3AQ",""
"HYDE","J","01/10/1997","","Inveralmond House","200 Dunkeld Road","Perth","","","","","","","PH1 3AQ",""
"HYDE","M","01/04/1996","","Scottish and Southern Metering","Head Office","Inveralmond House","200 Dunkeld Road","Perth","","","","","PH1 3AQ",""
"HYDE","N","01/10/1997","","Inveralmond House","200 Dunkeld Road","Perth","","","","","","","PH1 3AQ",""
"HYDE","O","01/10/1997","","Inveralmond House","200 Dunkeld Road","Perth","","","","","","","PH1 3AQ",""
"HYDE","P","01/04/1996","","Inveralmond House","200 Dunkeld Road","Perth","","","","","","","PH1 3AQ",""
"HYDE","Q","01/10/1997","","Inveralmond House","200 Dunkeld Road","Perth","","","","","","","PH1 3AQ",""
"HYDE","R","01/04/1996","","Scottish Hydro-Electric Distribution Ltd","Inveralmond House","200 Dunkeld Road","Perth","","","","","","PH1 3AQ","17"
"HYDE","T","01/10/1997","","Inveralmond House","200 Dunkeld Road","Perth","","","","","","","PH1 3AQ",""
"HYDE","V","01/10/1997","","Grampian House","200 Dunkeld Road","Perth","","","","","","","PH1 3GH",""
"HYDE","W","01/10/1997","","Emmock Road","Claverhouse Industrial Estate","Dundee","","","","","","","DD4 9BZ",""
"HYDE","X","01/04/1996","","SSE Plc","Inveralmond House","200 Dunkeld Road","Perth","","","","","","PH1 3AQ",""
"HYDE","Y","01/04/1996","","Inveralmond House","200 Dunkeld Road","Perth","","","","","","","PH1 3AQ",""
"ICPL","Y","20/08/1999","","The Heath","P O Box 14","Runcorn","Cheshire","","","","","","WA7 4QG",""
"IMPH","X","07/07/2000","12/01/2001","5th Floor","30 Marsh Wall","London","","","","","","","E14 9TP",""
"IMPO","X","01/09/1998","","SSE Plc","Inveralmond House","200 Dunkeld Road","Perth","","","","","","PH1 3AQ",""
"IMPX","X","01/04/1996","","INEOS Chlor Energy Ltd","PO BOX 14 The Heath","Runcorn","Cheshire","","","","","","WA7 4QG",""
"INDE","0","20/07/2012","","Npower Direct Limited NHH","Trigonos","Windmill Hill Business Park","Whitehill Way","Swindon","Wiltshire","","","","SN5 6PB",""
"INDE","X","01/04/1996","","NPOWER DIRECT LTD NHH","TRIGONOS","WINDMILL HILL BUSINESS PARK","WHITEHILL WAY","SWINDON","WILTSHIRE","","","","SN5 6PB",""
"INDX","X","09/03/1999","01/09/2006","NPOWER DIRECT LTD HH","TRIGONOS","WINDMILL HILL BUSINESS PARK","WHITEHILL WAY","SWINDON","WILTSHIRE","","","","SN5 6PB",""
"IPNL","3","01/08/2004","","Independent Power Networks Limited","Driscoll 2","Ellen Street","Cardiff","","","","","","CF10 4BP",""
"IPNL","J","01/08/2004","","Independent Power Networks Limited","Driscoll 2","Ellen Street","Cardiff","","","","","","CF10 4BP",""
"IPNL","P","01/08/2004","","Independent Power Networks Limited","Driscoll 2","Ellen Street","Cardiff","","","","","","CF10 4BP",""
"IPNL","R","01/08/2004","","Independent Power Networks Limited","Driscoll 2","Ellen Street","Cardiff","","","","","","CF10 4BP","24"
"IRON","Y","10/11/2000","09/03/2007","Wherstead Business Park","Wherstead","Ipswich","Suffolk","","","","","","IP9 2AQ",""
"LBSL","6","22/12/2006","","Lowri Beck Services Ltd","Westward House","King Street West","Wigan","","","","","","WN1 1LP",""
"LBSL","8","05/02/2008","","Lowri Beck Services Ltd","Westward House","King Street West","Wigan","","","","","","WN1 1LP",""
"LBSL","B","11/01/2008","","Lowri Beck Services Limited","Westward House","King Street West","Wigan","","","","","","WN1 1LP",""
"LBSL","D","05/02/2008","","Lowri Beck Services Ltd","Westward House","King Street West","Wigan","","","","","","WN1 1LP",""
"LBSL","M","11/01/2008","","Lowri Beck Services Limited","Westward House","King Street West","Wigan","","","","","","WN1 1LP",""
"LCMG","6","01/09/2006","","First Floor","Milton House","The Office Park","Springfield Drive","LEATHERHEAD","Surrey","","","","KT22 7LP",""
"LCMG","V","01/09/2006","","First Floor","Milton House","The Office Park","Springfield Drive","LEATHERHEAD","Surrey","","","","KT22 7LP",""
"LECL","X","21/01/2000","16/03/2001","The Communication Building","48 Leicester Square","London","","","","","","","WC2H 7LT",""
"LENC","X","03/05/2000","16/03/2001","Templar House","81/87 High Holborn","London","","","","","","","WC1V 6NU",""
"LENG","3","02/09/2008","","ESP Electricity Limited","Hazeldean","Station Road","Leatherhead","Surrey","","","","","KT22 7AA",""
"LENG","J","22/12/2006","","ESP Electricity Ltd","Hazeldean","Station Road","Leatherhead","Surrey","","","","","KT22 7AA",""
"LENG","M","01/10/2010","","ESP Electricity Limited","Hazeldean","Station Road","Leatherhead","Surrey","","","","","KT22 7AA",""
"LENG","P","01/04/2005","","ESP Electricity Ltd","Hazeldean","Station Road","Leatherhead","Surrey","","","","","KT22 7AA",""
"LENG","R","01/04/2005","","ESP Electricity Ltd","Hazeldean","Station Road","Leatherhead","Surrey","","","","","KT22 7AA","25"
"LOND","0","16/05/2012","","EDF Energy","40 Grosvenor Place","Victoria","London","","","","","","SW1X 7EN",""
"LOND","3","29/01/1999","","London Power Networks","Energy House","Hazelwick Avenue","Three Bridges","Crawley","West Sussex","","","","RH10 1EX",""
"LOND","6","18/11/2009","","EDF Energy Customer Field Services","255 Broadway","Bexleyheath","Kent","","","","","","DA6 8ET",""
"LOND","8","17/04/2003","","London Power Networks","Energy House","Hazelwick Avenue","Three Bridges","Crawley","West Sussex","","","","RH10 1EX",""
"LOND","A","01/04/1996","09/03/1999","Energy Services","The Communication Building","48 Leicester Square","London","","","","","","WC2H 7LT",""
"LOND","B","01/04/1996","","EDF Energy Customer Field Services","255 Broadway","Bexleyheath","Kent","","","","","","DA6 8ET",""
"LOND","C","01/04/1996","09/03/1999","Energy Services","The Communication Building","48 Leicester Square","London","","","","","","WC2H 7LT",""
"LOND","D","01/04/1996","","EDF Energy Customer Field Services","255 Broadway","Bexleyheath","Kent","","","","","","DA6 8ET",""
"LOND","J","01/04/1996","","London Power Networks","Energy House","Hazelwick Avenue","Three Bridges","Crawley","West Sussex","","","","RH10 1EX",""
"LOND","M","01/04/1996","","EDF Energy Customer Field Services","255 Broadway","Bexleyheath","Kent","","","","","","DA6 8ET",""
"LOND","P","01/04/1996","","London Power Networks","Energy House","Hazelwick Avenue","Three Bridges","Crawley","West Sussex","","","","RH10 1EX",""
"LOND","R","01/04/1996","","London Power Networks","Energy House","Hazelwick Avenue","Three Bridges","Crawley","West Sussex","","","","RH10 1EX","12"
"LOND","V","01/04/1996","","Gadeon House","Grenadier Road","Exeter Business Park","Exeter","Devon","","","","","EX1 3UT",""
"LOND","W","01/04/1996","","London Power Networks","255 Broadway","Bexleyheath","Kent","","","","","","DA6 8ET",""
"LOND","X","01/04/1996","","EDF Energy","40 Grosvenor Place","Victoria","London","","","","","","SW1X 7EN",""
"LUME","X","18/11/2009","","Lumen Energy Supply Limited","Eversheds House","70 Great Bridgewater Street","Manchester","UNITED KINGDOM","","","","","M1 5ES",""
"MAEL","X","19/08/2009","","MA Energy Ltd","120 Meridian Place","Marsh wall Road","London","","","","","","E14 9FE",""
"MAGN","X","15/06/2011","","Magnetic Energy Supply Limited","Alliance House","Clayton Green Business Park","Library Road","Clayton-le-Woods","Chorley","","","","PR6 7EN",""
"MAGX","Y","22/02/2002","07/12/2007","Berkeley Centre","Berkeley","Gloucestershire","","","","","","","GL13 9PL",""
"MANP","X","11/08/2000","16/03/2001","P O Box 177","Douglas","Isle of Man","","","","","","","IM99 1PS",""
"MANP","Y","11/08/2000","","P O Box 177","Douglas","Isle of Man","","","","","","","IM99 1PS",""
"MANW","0","20/07/2012","","Scottish Power Energy Retail Ltd","Cathcart House","Cathcart Business Park","Spean Street","Glasgow","","","","","G44 4BE",""
"MANW","3","13/11/1998","","SP Manweb Plc","New Alderston House","Strathclyde Business Park","Bellshill","Lanarkshire","","","","","ML4 3AL",""
"MANW","4","13/11/1998","","SP Dataserve Ltd","19","Hawick Street","Glasgow","","","","","","G13 1BR",""
"MANW","8","29/05/2003","","SP Manweb Plc","New Alderston House","Strathclyde Business Park","Bellshill","Lanarkshire","","","","","ML4 3AL",""
"MANW","B","01/04/1996","","SP Dataserve Ltd","19","Hawick Street","Glasgow","","","","","","G13 1BR",""
"MANW","D","01/04/1996","","SP Dataserve Ltd","19","Hawick Street","Glasgow","","","","","","G13 1BR",""
"MANW","I","13/11/1998","","SP Manweb Plc","New Alderston House","Strathclyde Business Park","Bellshill","Lanarkshire","","","","","ML4 3AL",""
"MANW","J","01/04/1996","","SP Manweb Plc.","New Alderston House","Strathclyde Business Park","Bellshill","Lanarkshire","","","","","ML4 3AL",""
"MANW","M","01/04/1996","","SP Dataserve Ltd","19","Hawick Street","Glasgow","","","","","","G13 1BR",""
"MANW","P","01/04/1996","","SP Manweb Plc.","New Alderston House","Strathclyde Business Park","Bellshill","Lanarkshire","","","","","ML4 3AL",""
"MANW","R","01/04/1996","","SP Manweb Plc","New Alderston House","Strathclyde Business Park","Bellshill","Lanarkshire","","","","","ML4 3AL","13"
"MANW","V","13/11/1998","","Scottish Power Energy Retail Ltd","Cathcart Business Park","Spean Street","Glasgow","","","","","","G44 4BE",""
"MANW","W","01/04/1996","","SP Dataserve Ltd","19","Hawick Street","Glasgow","","","","","","G13 1BR",""
"MANW","X","01/04/1996","","Scottish Power Energy Retail Ltd","Cathcart House","Cathcart Business Park","Spean Street","Glasgow","","","","","G44 4BE",""
"MAVE","X","20/10/2000","04/03/2005","Temple Chambers","Temple Avenue","London","","","","","","","EC4Y 0HP",""
"MEMD","6","25/07/2003","","E.ON UK Energy Services Limited","Westwood Way","Westwood Business Park","Coventry","","","","","","CV4 8LG",""
"MEMW","6","25/07/2003","","E.ON UK Energy Services Limited","Westwood Way","Westwood Business Park","Coventry","","","","","","CV4 8LG",""
"MENW","6","25/07/2003","","Metering Services Ltd","Whittington Hall","Whittington","Worcester","","","","","","WR5 2RB",""
"MESL","8","29/05/2003","","Metering Services Ltd","Midlands Electricity plc","Whittington Hall","Whittington","Worcester","","","","","WR5 2RB",""
"MESS","6","25/07/2003","","E.ON UK Energy Services Limited","Westwood Way","Westwood Business Park","Coventry","","","","","","CV4 8LG",""
"MFAL","8","20/07/2011","","Meter Fit Assets Limited","19 Spring Gardens","Manchester","","","","","","","M2 1FB",""
"MFMP","8","16/06/2010","","Meter Fit Ltd","11th Floor Oakland House","Talbot Road","Old Trafford","Manchester","","","","","M16 0HQ",""
"MFXC","8","16/06/2010","","Meter Fit Ltd","11th Floor Oakland House","Talbot Road","Old Trafford","Manchester","","","","","M16 0HQ",""
"MGAS","X","17/12/1999","19/01/2007","33 Grosvenor Place","London","","","","","","","","SW1X 7HY",""
"MIDE","0","20/07/2012","","Npower Limited","Trigonos","Windmill Hill Business Park","Whitehill Way","Swindon","Wiltshire","","","","SN5 6PB",""
"MIDE","3","09/11/1998","","Western Power Distribution West Midlands","Pegasus Business Park","Herald Way","Castle Donnington","Derbyshire","","","","","DE74 2TU",""
"MIDE","4","09/11/1998","02/12/2008","Midlands Electricity plc","Whittington Hall","Whittington","Worcester","","","","","","WR5 2RB",""
"MIDE","8","17/04/2003","","Western Power Distribution West Midlands","Avonbank","Feeder Road","Bristol","","","","","","BS2 0TB",""
"MIDE","A","01/04/1996","13/07/1999","Midlands Electricity plc","Blackpole Road","Worcester","","","","","","","WR4 9TB",""
"MIDE","A","09/08/2002","","E.ON UK Energy Services Limited","Westwood Way","Westwood Business Park","Coventry","","","","","","CV4 8LG",""
"MIDE","B","01/04/1996","","E.ON UK Energy Services Limited","Westwood Way","Westwood Business Park","Coventry","","","","","","CV4 8LG",""
"MIDE","C","01/04/1996","13/07/1999","Midlands Electricity plc","Blackpole Road","Worcester","","","","","","","WR4 9TB",""
"MIDE","C","09/08/2002","","E.ON UK Energy Services Limited","Westwood Way","Westwood Business Park","Coventry","","","","","","CV4 8LG",""
"MIDE","D","01/04/1996","","E.ON UK Energy Services Limited","Westwood Way","Westwood Business Park","Coventry","","","","","","CV4 8LG",""
"MIDE","J","09/11/1998","","Western Power Distribution West Midlands","Pegasus Business Park","Herald Way","Castle Donnington","Derbyshire","","","","","DE74 2TU",""
"MIDE","M","01/04/1996","","E.ON UK Energy Services Limited","Westwood Way","Westwood Business Park","Coventry","","","","","","CV4 8LG",""
"MIDE","P","01/04/1996","","Western Power Distribution West Midlands","Pegasus Business Park","Herald Way","Castle Donnington","Derbyshire","","","","","DE74 2TU",""
"MIDE","R","01/04/1996","","Western Power Distribution West Midlands","Pegasus Business Park","Herald Way","Castle Donnington","Derbyshire","","","","","DE74 2TU","14"
"MIDE","V","01/04/1996","","National Power (Energy Co.) Limited","Windmill Hill Business Park","Whitehill Way","Swindon","","","","","","SN5 6PB",""
"MIDE","W","09/11/1998","","Western Power Distribution West Midlands","Pegasus Business Park","Herald Way","Castle Donnington","Derbyshire","","","","","DE74 2TU",""
"MIDE","X","01/04/1996","","NPOWER LTD","TRIGONOS","WINDMILL HILL BUSINESS PARK","WHITEHILL WAY","SWINDON","WILTSHIRE","","","","SN5 6PB",""
"MIDE","Y","09/11/1998","","Midlands Electricity plc","Whittington Hall","Whittington","Worcester","","","","","","WR5 2RB",""
"MLBB","8","15/09/2010","","G4S Utility Services (UK) Ltd","14 Silver Fox Way","Cobalt Business Park","Newcastle upon Tyne","Tyne and Wear","","","","","NE27 0QJ",""
"MLLA","8","17/03/2010","","Macquarie Leasing Limited","Level 25","Citypoint","1 Ropemaker Street","London","","","","","EC2Y 9HD",""
"MRSL","6","25/07/2003","05/04/2007","Avonbank","Feeder Road","Bristol","","","","","","","BS2 0TB",""
"MSCG","X","01/04/2006","","MSCGI c/o Morgan Stanley & Co.  Int. Ltd","20 Cabot Square","Canary Wharf","London","","","","","","E14 4QW",""
"NATP","0","20/07/2012","","Npower Limited","Oak House","1 Bridgwater Road","Worcester","","","","","","WR4 9FP",""
"NATP","8","25/07/2003","","NPOWER LTD","TRIGONOS","WINDMILL HILL BUSINESS PARK","WHITEHILL WAY","SWINDON","WILTSHIRE","","","","SN5 6PB",""
"NATP","C","14/12/2011","","npower Ltd","Limewood Approach","Seacroft","Leeds","","","","","","LS14 1NG",""
"NATP","M","19/08/2009","","NPOWER LTD","TRIGONOS","WINDMILL HILL BUSINESS PARK","WHITEHILL WAY","SWINDON","WILTSHIRE","","","","SN5 6PB",""
"NATP","X","01/04/1996","","Npower Ltd","Oak House","1 Bridgwater Road","Worcester","","","","","","WR4 9FP",""
"NEEB","0","20/07/2012","","Npower Northern Supply Ltd","Carliol House","Market Street","Newcastle upon Tyne","Tyne & Wear","","","","","NE1 6NE",""
"NEEB","1","19/09/2012","","npower","Windmill Hill Business Park","Whitehill Way","Swindon","Wiltshire","","","","","SN5 6PB",""
"NEEB","3","24/03/2006","","Northern Powergrid (Northeast) Ltd","Lloyds Court","78 Grey Street","Newcastle-Upon-Tyne","","","","","","NE1 6AF",""
"NEEB","4","20/10/2010","","Npower Ltd","Limewood Approach","Leeds","","","","","","","LS14 1NG",""
"NEEB","8","17/04/2003","","Northern Powergrid (Northeast) Ltd","Lloyds Court","78 Grey Street","Newcastle-Upon-Tyne","","","","","","NE1 6AF",""
"NEEB","A","01/04/1996","","NPower Northern Ltd","Ground Floor","Carliol House","Market Street","Newcastle upon Tyne","","","","","NE1 6NE",""
"NEEB","B","01/04/1996","","Npower Northern Ltd","Carliol House","Ground Floor","Market Street","Newcastle upon Tyne","","","","","NE1 6NE",""
"NEEB","C","01/04/1996","","Npower Northern Ltd","Carliol House","Ground Floor","Market Street","Newcastle upon Tyne","","","","","NE1 6NE",""
"NEEB","D","01/04/1996","","NPower Northern Ltd","Ground Floor","Carliol House","Market Street","Newcastle upon Tyne","","","","","NE1 6NE",""
"NEEB","J","01/10/1998","","Northern Powergrid (Northeast) Ltd","Lloyds Court","78 Grey Street","Newcastle-Upon-Tyne","","","","","","NE1 6AF",""
"NEEB","M","01/04/1996","","Northern Electric Distribution Ltd","Lloyds Court","78 Grey Street","Newcastle-upon-Tyne","","","","","","NE1 6AF",""
"NEEB","P","01/04/1996","","Northern Powergrid (Northeast) Ltd","Lloyds Court","78 Grey Street","Newcastle-Upon-Tyne","","","","","","NE1 6AF",""
"NEEB","R","01/04/1996","","Northern Powergrid (Northeast) Limited","Lloyds Court","78 Grey Street","Newcastle-upon-Tyne","","","","","","NE1 6AF","15"
"NEEB","V","01/10/1998","","Carliol House","Market Street","NEWCASTLE UPON TYNE","","","","","","","NE1 6NE",""
"NEEB","W","01/10/1998","","Carliol House","Market Street","NEWCASTLE UPON TYNE","","","","","","","NE1 6NE",""
"NEEB","X","01/04/1996","","Npower Northern Supply Ltd","Carliol House","Market Street","Newcastle upon Tyne","Tyne & Wear","","","","","NE1 6NE",""
"NELC","0","16/05/2012","","British Energy Direct Limited","Barnett Way","Barnwood","Gloucester","","","","","","GL4 3RS",""
"NELC","X","01/04/1996","","British Energy Direct Limited","Barnett Way","Barnwood","Gloucester","","","","","","GL4 3RS",""
"NELC","Y","09/07/2004","","British Energy Generation Ltd","Barnett Way","Barnwood","Gloucester","","","","","","GL4 3RS",""
"NGCY","T","01/04/1996","","185 Park Street","London","","","","","","","","SE1 9DY",""
"NGTL","Y","28/03/2000","","Windmill Hill Business Park","Whitehill Way","Swindon","Wiltshire","","","","","","SN5 6PB",""
"NHUK","X","01/04/1996","28/03/2000","Bridge House","69 London Road","Twickenham","Middlesex","","","","","","TW1 3RH",""
"NORW","0","15/08/2012","","E.ON UK","Westwood Way","Westwood Business Park","Coventry","","","","","","CV4 8LG",""
"NORW","3","13/11/1998","","Electricity North West Limited","304 Bridgewater Place","Birchwood Park","Warrington","Cheshire","","","","","WA3 6XG",""
"NORW","4","13/11/1998","","ENTERPRISE MANAGED SERVICES (E&CS) LTD","GORDON HOUSE","SCEPTRE WAY","BAMBER BRIDGE","PRESTON","","","","","PR5 6AW",""
"NORW","8","17/04/2003","","Electricity North West Limited","304 Bridgewater Place","Birchwood Park","Warrington","Cheshire","","","","","WA3 6XG",""
"NORW","B","01/04/1996","","E.ON UK Energy Services Limited","Westwood Way","Westwood Business Park","Coventry","","","","","","CV4 8LG",""
"NORW","D","01/04/1996","","E.ON UK Energy Services Limited","Westwood Way","Westwood Business Park","Coventry","","","","","","CV4 8LG",""
"NORW","J","13/11/1998","","Electricity North West Limited","304 Bridgewater Place","Birchwood Park","Warrington","Cheshire","","","","","WA3 6XG",""
"NORW","M","01/04/1996","","ENTERPRISE MANAGED SERVICES (E&CS) LTD","GORDON HOUSE","SCEPTRE WAY","BAMBER BRIDGE","PRESTON","","","","","PR5 6AW",""
"NORW","P","01/04/1996","","Electricity North West Limited","304 Bridgewater Place","Birchwood Park","Warrington","Cheshire","","","","","WA3 6XG",""
"NORW","R","01/04/1996","","Electricity North West Limited","304 Bridgewater Place","Birchwood Park","Warrington","Cheshire","","","","","WA3 6XG","16"
"NORW","V","13/11/1998","","Manchester Rd","Bolton","","","","","","","","BL3 2QN",""
"NORW","W","13/11/1998","","Electricity North West Limited","Hartington Road","Preston","Lancashire","","","","","","PR1 8LE",""
"NORW","X","01/04/1996","","E.ON Energy Ltd","Westwood Way","Westwood Business Park","Coventry","","","","","","CV4 8LG",""
"NPOW","V","11/01/2008","","INNOGY Plc","Windmill Hill Business Park","Whitehill Way","Swindon","Wiltshire","","","","","SN5 6BP",""
"NPOW","Y","03/05/2000","","Windmill Hill Business Park","Whitehill Way","Swindon","Wiltshire","","","","","","SN5 6BP",""
"NTWL","Y","28/03/2000","","Windmill Hill Business Park","Whitehill Way","Swindon","Wiltshire","","","","","","SN5 6PB",""
"NUCE","X","01/04/1996","","Nuclear Decommissioning Authority Ltd","Energy Sales and Trading Department","Berkeley Centre","Berkeley","Gloucestershire","","","","","GL13 9PB",""
"OBER","X","17/10/2012","","Oberon Energy Supply Limited","Alliance House","Clayton Green Business Park","Library Road","Clayton-le-Woods","Chorley","","","","PR6 7EN",""
"OGAS","X","25/07/2003","","British Gas Trading Ltd","Millstream East","Maidenhead Road","Windsor","Berkshire","","","","","SL4 5GD",""
"ONGE","9","24/02/2011","","Orange Limited","St James Court","Great Park Road","Almondsbury Park","Bradley Stoke","Bristol","","","","BS32 4QL",""
"ONSA","M","12/06/2009","","OnStream","35 Homer Road","Solihull","West Midlands","","","","","","B91 3QJ",""
"ONSE","6","22/12/2006","","UMS Ltd (trading as OnStream)","35 Homer Road","Solihull","West Midlands","","","","","","B91 3QJ",""
"ONSE","8","22/12/2006","","UMS Ltd (trading as OnStream)","35 Homer Road","Solihull","West Midlands","","","","","","B91 3QJ",""
"ONSE","B","14/01/2009","","UMS Ltd (trading as OnStream)","35 Homer Road","Solihull","West Midlands","","","","","","B91 3QJ",""
"ONSE","D","14/01/2009","15/08/2012","UMS Ltd (trading as OnStream)","35 Homer Road","Solihull","West Midlands","","","","","","B91 3QJ",""
"ONSE","M","22/12/2006","","UMS Ltd (trading as OnStream)","35 Homer Road","Solihull","West Midlands","","","","","","B91 3QJ",""
"ONST","6","18/11/2005","","35 Homer Road","Solihull","West Midlands","","","","","","","B91 3QJ",""
"ONST","8","23/05/2003","","35 Homer Road","Solihull","West Midlands","","","","","","","B91 3QJ",""
"ONST","M","23/05/2003","17/03/2010","Utility Metering Services Ltd","OnStream","35 Homer Road","Solihull","West Midlands","","","","","B91 3QJ",""
"OTWO","9","24/02/2011","","O2","260 Bath Road","Slough","Berkshire","","","","","","SL1 4DX",""
"OVOE","X","19/08/2009","","OVO Energy","College Farm Buildings","Tetbury Road","Cirencester","Gloucestershire","","","","","GL7 6PY",""
"OXPO","0","20/07/2012","","Opus Energy Limited","Opus House","285 Banbury Road","Oxford","","","","","","OX2 7JF",""
"OXPO","X","09/08/2002","","Opus Energy Limited","Lambourne House","311-321 Banbury Road","Oxford","","","","","","OX2 7JH",""
"PCHP","Y","28/03/2000","","Westwood Way","Westwood Business Park","Coventry","","","","","","","CV4 8LG",""
"PDAL","4","10/02/2006","","Power Data Assoiates Ltd","Wrest Park","Silsoe","Bedfordshire","","","","","","MK45 4HR",""
"PGEN","0","15/08/2012","","E.ON UK","Westwood Way","Westwood Business Park","Coventry","","","","","","CV4 8LG",""
"PGEN","X","01/04/1996","","E.ON Energy","I&C Retail","Westwood Way","Westwood Business Park","Coventry","","","","","CV4 8LG",""
"PGEN","Y","17/03/1999","","53 New Broad Street","London","","","","","","","","E2M 1JJ",""
"PLEX","4","13/07/2007","","PLEXUS TECHNOLOGY LIMITED","11, PEARL HOUSE","ANSON COURT","STAFFORDSHIRE TECHNOLOGY PARK","STAFFORD","STAFFS.","","","","ST18 0GB",""
"PLEX","6","13/07/2007","","PLEXUS TECHNOLOGY LIMITED","11, PEARL HOUSE","ANSON COURT","STAFFORDSHIRE TECHNOLOGY PARK","STAFFORD","STAFFS.","","","","ST18 0GB",""
"PLEX","8","13/07/2007","","PLEXUS TECHNOLOGY LIMITED","11, PEARL HOUSE","ANSON COURT","STAFFORDSHIRE TECHNOLOGY PARK","STAFFORD","STAFFS.","","","","ST18 0GB",""
"PLUS","8","23/05/2003","","Npower Yorkshire Ltd (MeterPlus)","Windmill Hill Business Park","Whitehill Way","Swindon","","","","","","SN5 6PB",""
"POOL","Z","01/04/1996","","338 Euston Road","10th Floor","Regent's Place","London","","","","","","NW1 3BP",""
"PRIM","8","29/04/2005","","PRI Ltd","PRI House","Moorside Road","Winchester","Hampshire","","","","","SO23 7RX",""
"PRIP","V","29/04/2005","","PRI Ltd","PRI House","Moorside Road","Winchester","Hampshire","","","","","SO23 7RX",""
"PURE","X","24/01/2003","","Good Energy Limited","Monkton Reach","Monkton Hill","Chippenham","Wiltshire","","","","","SN15 1EE",""
"PURE","Y","01/04/2004","","Good Energy Limited","Monkton Reach","Monkton Hill","Chippenham","Wiltshire","","","","","SN15 1EE",""
"RBOS","X","11/03/2008","26/06/2012","The Royal Bank of Scotland","36 Andrew Square","Edinburgh","","","","","","","EH2 2YB",""
"RENC","X","01/04/1996","","The Renewable Energy Company Ltd","Axiom house","Station Road","Stroud","Gloucester","","","","","GL5 3AP",""
"RGAS","X","08/12/2000","16/03/2001","12 Russell Grove","London","","","","","","","","NW7 3QX",""
"ROAM","9","14/03/2012","","Dummy Id for Roaming SIMs","","","","","","","","","Dummy",""
"RUGE","Y","10/11/2000","","Wherstead Business Park","Wherstead","Ipswich","Suffolk","","","","","","IP9 2AQ",""
"RWED","X","22/02/2002","","GDF SUEZ Marketing Ltd","1 City Walk","LEEDS","West Yorkshire","","","","","","LS11 9DX",""
"SCHL","M","01/04/1996","14/11/2003","PO BOX 3","Talbot Road","Strettford","Manchester","","","","","","M32 0XX",""
"SCPL","Y","03/05/2000","","Shoreham Power Station","Basin Road South","Portslade","","","","","","","BN41 1WF",""
"SECU","6","16/04/2009","","Secus ltd","PO BOX 14131","TAMWORTH","STAFFS","","","","","","B77 9FT",""
"SEEB","0","16/05/2012","","EDF Energy","40 Grosvenor Place","Victoria","London","","","","","","SW1X 7EN",""
"SEEB","3","18/11/2005","","South Eastern Power Networks","Energy House","Hazelwick Avenue","Three Bridges","Crawley","West Sussex","","","","RH10 1EX",""
"SEEB","6","03/05/2000","","EDF Energy Customer Field Services","255 Broadway","Bexleyheath","Kent","","","","","","DA6 8ET",""
"SEEB","8","17/04/2003","","South Eastern Power Networks","Energy House","Hazelwick Avenue","Three Bridges","Crawley","West Sussex","","","","RH10 1EX",""
"SEEB","B","01/04/1996","","EDF Energy Customer Field Services","255 Broadway","Bexleyheath","Kent","","","","","","DA6 8ET",""
"SEEB","D","01/04/1996","","EDF Energy Customer Field Services","255 Broadway","Bexleyheath","Kent","","","","","","DA6 8ET",""
"SEEB","J","11/08/2000","","South Eastern Power Networks","Energy House","Hazelwick Avenue","Three Bridges","Crawley","West Sussex","","","","RH10 1EX",""
"SEEB","M","01/04/1996","","EDF Energy Customer Field Services","255 Broadway","Bexleyheath","Kent","","","","","","DA6 8ET",""
"SEEB","P","01/04/1996","","South Eastern Power Networks","Energy House","Hazelwick Avenue","Three Bridges","Crawley","West Sussex","","","","RH10 1EX",""
"SEEB","R","01/04/1996","","South Eastern Power Networks","Energy House","Hazelwick Avenue","Three Bridges","Crawley","West Sussex","","","","RH10 1EX","19"
"SEEB","V","23/04/1999","","Gadeon House","Grenadier Road","Exeter Business Park","Exeter","Devon","","","","","EX1 3UT",""
"SEEB","W","19/01/2011","","South Eastern Power Networks","255 Broadway","Bexleyheath","Kent","","","","","","DA6 8ET",""
"SEEB","X","01/04/1996","","EDF Energy","40 Grosvenor Place","Victoria","London","","","","","","SW1X 7EN",""
"SEEL","X","01/08/2006","17/08/2011","C/o JP Morgan Chase & Co","20 Moorgate","LONDON","","","","","","","EC2R 6DA",""
"SEOA","M","28/07/2006","06/10/2006","Scottish and Southern Energy PLC","Inveralmond House","200 Dunkeld Road","Perth","","","","","","PH1 3AQ",""
"SESL","G","01/04/1996","","SESL","Delta House","50 West Nile Street","Glasgow","","","","","","G1 2NQ",""
"SESL","H","01/04/1996","","SESL","Delta House","50 West Nile Street","Glasgow","","","","","","G1 2NQ",""
"SESL","Y","09/11/1998","","SESL","Delta House","50 West Nile Street","Glasgow","","","","","","G1 2NQ",""
"SHEL","X","01/04/1996","16/03/2001","Downstream Procurement","Delta House","Rowlands Way","Withenshawe","MANCHESTER","","","","","M22 5SB",""
"SIEM","6","19/08/2009","","Siemens MCS","Woodyard Lane","Lambourne Drive","Wollaton","Nottingham","","","","","NG8 1GB",""
"SIEM","8","23/05/2003","","Siemens MCS","Woodyard Lane","Off Lambourne Drive","Wollaton","Nottingham","","","","","NG8 1GB",""
"SIEM","B","20/06/2003","","Siemens MCS","Woodyard Lane","Off Lambourne Drive","Wollaton","Nottingham","","","","","NG8 1GB",""
"SIEM","D","20/06/2003","","Siemens MCS","Woodyard Lane","Off Lambourne Drive","Wollaton","Nottingham","","","","","NG8 1GB",""
"SIEM","M","20/06/2003","","Siemens MCS","Woodyard Lane","Off Lambourne Drive","Wollaton","Nottingham","","","","","NG8 1GB",""
"SIEM","V","19/10/2001","","Hortonwood 30","Telford","Shropshire","","","","","","","TF1 7YG",""
"SLOU","X","01/04/1996","16/03/2001","342 Edinburgh Avenue","SLOUGH","","","","","","","","SL1 4TU",""
"SMAL","X","14/11/2003","15/12/2010","SmartestEnergy Limited","120 Moorgate","London","","","","","","","EC2M 6SS",""
"SMAL","X","20/06/2012","","SmartestEnergy Ltd","Dashwood House","69 Old Broad Street","London","","","","","","EC2M 1QS",""
"SMAR","X","18/01/2002","","SmartestEnergy Limited","Dashwood House","69 Old Broad Street","London","","","","","","EC2M 1QS",""
"SOUT","0","20/07/2012","","SSE Plc","Inveralmond House","200 Dunkeld Road","Perth","","","","","","PH1 3AQ",""
"SOUT","1","20/07/2012","","SSE Plc","Inveralmond House","200 Dunkeld Road","Perth","","","","","","PH1 3AQ",""
"SOUT","3","29/01/1999","","SSE Plc","Inveralmond House","200 Dunkeld Road","Perth","","","","","","PH1 3AQ",""
"SOUT","4","29/01/1999","","SSE Plc","Inveralmond House","200 Dunkeld Road","Perth","","","","","","PH1 3AQ",""
"SOUT","8","17/04/2003","","SSE Plc","Inveralmond House","200 Dunkeld Road","Perth","","","","","","PH1 3AQ",""
"SOUT","A","01/04/1996","09/03/1999","Southern Electric House","Westacott Way","Littlewick Green","Maidenhead","BERKSHIRE","","","","","SL6 3QB",""
"SOUT","B","01/04/1996","","SSE Plc","Inveralmond House","200 Dunkeld Road","Perth","","","","","","PH1 3AQ",""
"SOUT","C","01/04/1996","09/03/1999","Southern Electric House","Westacott Way","Littlewick Green","Maidenhead","BERKSHIRE","","","","","SL6 3QB",""
"SOUT","D","01/04/1996","","SSE Plc","Inveralmond House","200 Dunkeld Road","Perth","","","","","","PH1 3AQ",""
"SOUT","J","01/04/1996","","SSE Plc","Inveralmond House","200 Dunkeld Road","Perth","","","","","","PH1 3AQ",""
"SOUT","M","01/04/1996","","SSE Plc","Inveralmond House","200 Dunkeld Road","Perth","","","","","","PH1 3AQ",""
"SOUT","P","01/04/1996","","SSE Plc","Inveralmond House","200 Dunkeld Road","Perth","","","","","","PH1 3AQ",""
"SOUT","R","01/04/1996","","Southern Electric Power Distribution Plc","Inveralmond House","200 Dunkeld Road","Perth","","","","","","PH1 3AQ","20"
"SOUT","V","01/04/1996","","SSE Plc","Inveralmond House","200 Dunkeld Road","Perth","","","","","","PH1 3AQ",""
"SOUT","W","01/04/1996","","SSE Plc","Inveralmond House","200 Dunkeld Road","Perth","","","","","","PH1 3AQ",""
"SOUT","X","01/04/1996","","SSE Plc","Inveralmond House","200 Dunkeld Road","Perth","","","","","","PH1 3AQ",""
"SPOW","0","20/07/2012","","Scottish Power Energy Retail Ltd","Cathcart House","Cathcart Business Park","Spean Street","Glasgow","","","","","G44 4BE",""
"SPOW","1","18/07/2012","","Scottish Power Energy Retail Ltd","Cathcart House","Spean Street","Glasgow","","","","","","G44 4BE",""
"SPOW","3","13/11/1998","","SP Distribution Ltd","New Alderston House","Strathclyde Business Park","Bellshill","Lanarkshire","","","","","ML4 3AL",""
"SPOW","4","13/11/1998","","SP Dataserve Ltd","19","Hawick Street","Glasgow","","","","","","G13 1BR",""
"SPOW","8","29/05/2003","","SP Distribution Ltd","New Alderston House","Strathclyde Business Park","Bellshill","Lanarkshire","","","","","ML4 3AL",""
"SPOW","A","01/04/1996","","SP Dataserve Ltd","19","Hawick Street","Glasgow","","","","","","G13 1BR",""
"SPOW","B","01/04/1996","","SP Dataserve Ltd","19","Hawick Street","Glasgow","","","","","","G13 1BR",""
"SPOW","C","01/04/1996","","SP Dataserve Ltd","19","Hawick Street","Glasgow","","","","","","G13 1BR",""
"SPOW","D","01/04/1996","","SP Dataserve Ltd","19","Hawick Street","Glasgow","","","","","","G13 1BR",""
"SPOW","E","01/04/1996","","SP Energy Trading Ltd","Cathcart House","Cathcart Business Park","Spean Street","Glasgow","","","","","G44 4BE",""
"SPOW","I","13/11/1998","","SP Distribution Ltd","New Alderston House","Strathclyde Business Park","Bellshill","Lanarkshire","","","","","ML4 3AL",""
"SPOW","J","01/04/1996","","SP Distribution Ltd","New Alderston House","Strathclyde Business Park","Bellshill","Lanarkshire","","","","","ML4 3AL",""
"SPOW","M","01/04/1996","","SP Dataserve Ltd","19","Hawick Street","Glasgow","","","","","","G13 1BR",""
"SPOW","N","01/04/1996","","SP Distribution Ltd","New Alderston House","Strathclyde Business Park","Bellshill","Lanarkshire","","","","","ML4 3AL",""
"SPOW","O","01/04/1996","","SP Distribution Ltd","New Alderston House","Strathclyde Business Park","Bellshill","Lanarkshire","","","","","ML4 3AL",""
"SPOW","P","01/04/1996","","SP Distribution Ltd","New Alderston House","Strathclyde Business Park","Bellshill","Lanarkshire","","","","","ML4 3AL",""
"SPOW","Q","01/04/1996","","SP Distribution Ltd","New Alderston House","Strathclyde Business Park","Bellshill","Lanarkshire","","","","","ML4 3AL",""
"SPOW","R","01/04/1996","","SP Distribution Ltd","New Alderston House","Strathclyde Business Park","Bellshill","Lanarkshire","","","","","ML4 3AL","18"
"SPOW","T","01/04/1996","","SP Transmission Ltd","Strathkelvin House","Campsie Road","Kirkintilloch","Glasgow","","","","","G66 1RN",""
"SPOW","V","13/11/1998","","Scottish Power Energy Retail Ltd","Cathcart House","Cathcart Business Park","Spean Street","Glasgow","","","","","G44 4BE",""
"SPOW","W","01/04/1996","","SP Dataserve Ltd","19","Hawick Street","Glasgow","","","","","","G13 1BR",""
"SPOW","X","01/04/1996","","Scottish Power Energy Retail Ltd","Cathcart House","Cathcart Business Park","Spean Street","Glasgow","","","","","G44 4BE",""
"SPOW","Y","01/04/1996","","1 Atlantic Quay","GLASGOW","","","","","","","","G2 8SP",""
"SPRK","X","11/01/2008","","Spark Energy Supply Ltd","Ettrick Riverside","Dunsdale Road","Selkirk","","","","","","TD7 5EB",""
"SSIL","6","29/04/2005","","Stark Software","Sentinel House","10-12 Massetts Road","Horley","Surrey","","","","","RH6 7DE",""
"SSIL","A","20/07/2001","","Stark Software International Ltd","Sentinel House","10-12 Massetts Road","Horley","Surrey","","","","","RH6 7DE",""
"SSIL","B","11/05/2009","","Stark Software International","10-12 Massetts Road","Horley","Surrey","","","","","","RH6 7DE",""
"SSIL","C","20/07/2001","","Stark Software International Ltd","Sentinel House","10-12 Massetts Road","Horley","Surrey","","","","","RH6 7DE",""
"SSIL","D","11/05/2009","","Stark Software International","10-12 Massetts Road","Horley","Surrey","","","","","","RH6 7DE",""
"STAT","X","20/10/2010","","Statkraft Markets GMBH","Niederkasseler Lohweg 175","Dusseldorf","Germany","","","","","","40547",""
"STCL","Z","01/04/1996","","4-6 Church Walk","Daventry","","","","","","","","NN11 4BL",""
"SWAE","0","20/07/2012","","SSE Plc","Inveralmond House","200 Dunkeld Road","Perth","","","","","","PH1 3AQ",""
"SWAE","3","09/11/1998","","Western Power Distribution - South Wales","Lamby Way Industrial Estate","Rumney","Cardiff","","","","","","CF3 8EH",""
"SWAE","4","09/11/1998","","Western Power Distribution - South Wales","Lamby Way Industrial Estate","Rumney","Cardiff","","","","","","CF3 8EH",""
"SWAE","8","17/04/2003","09/11/2007","Western Power Distribution (South Wales)","Avonbank","Feeder Road","Bristol","","","","","","BS2 0TB",""
"SWAE","B","01/04/1996","28/02/2007","Western Power Distribution - South Wales","C/O Logica Services","Newport Road","St. Mellons","Cardiff","","","","","CF3 5WW",""
"SWAE","D","01/04/1996","31/03/2004","Western Power Distribution - South Wales","C/O Logica Services","Newport Road","St. Mellons","Cardiff","","","","","CF3 5WW",""
"SWAE","J","09/11/1998","","Western Power Distribution - South Wales","Lostwithiel Road","Bodmin","Cornwall","","","","","","PL31 1DE",""
"SWAE","M","01/04/1996","07/09/2007","Western Power Distribution - South Wales","Avonbank","Feeder Road","Bristol","","","","","","BS2 0TB",""
"SWAE","P","01/04/1996","","Western Power Distribution - South Wales","Elliott Road","Prince Rock","Plymouth","","","","","","PL4 0SD",""
"SWAE","R","01/04/1996","","Western Power Distribution - South Wales","Lostwithiel Road","Bodmin","Cornwall","","","","","","PL31 1DE","21"
"SWAE","V","09/11/1998","","Newport Road","St Mellons","CARDIFF","","","","","","","CF3 9XW",""
"SWAE","W","09/11/1998","18/01/2012","Western Power Distribution - South Wales","Avonbank","Feeder Road","Bristol","","","","","","BS2 0TB",""
"SWAE","X","01/04/1996","","SSE Plc","Inveralmond House","200 Dunkeld Road","Perth","","","","","","PH1 3AQ",""
"SWEB","0","16/05/2012","","EDF Energy","40 Grosvenor Place","Victoria","London","","","","","","SW1X 7EN",""
"SWEB","3","01/10/1998","","Western Power Distribution (South West)","Sowton Office","Osprey Road","Exeter","Devon","","","","","EX2 7WP",""
"SWEB","4","01/10/1998","","Western Power Distribution","Sowton Office","Osprey Road","Exeter","Devon","","","","","EX2 7WP",""
"SWEB","6","18/11/2009","","EDF Energy Customer Field Services","255 Broadway","Bexleyheath","Kent","","","","","","DA6 8ET",""
"SWEB","8","17/04/2003","09/11/2007","Western Power Distribution ( South West)","Avonbank","Feeder Road","Bristol","","","","","","BS2 0TB",""
"SWEB","B","01/04/1996","","EDF Energy Customer Field Services","255 Broadway","Bexleyheath","Kent","","","","","","DA6 8ET",""
"SWEB","D","01/04/1996","","EDF Energy Customer Field Services","255 Broadway","Bexleyheath","Kent","","","","","","DA6 8ET",""
"SWEB","J","27/11/1998","","Western Power Distribution (South West)","Lostwithiel Road","Bodmin","Cornwall","","","","","","PL31 1DE",""
"SWEB","M","01/04/1996","","WPD Smart metering Ltd","Avonbank Office","Feeder Road","Bristol","","","","","","BS2 0TB",""
"SWEB","P","01/04/1996","","Western Power Distribution (South West)","Elliott Road","Prince Rock","Plymouth","Devon","","","","","PL4 0SD",""
"SWEB","R","01/04/1996","","Western Power Distribution (South West)","Lostwithiel Road","Bodmin","Cornwall","","","","","","PL31 1DE","22"
"SWEB","V","27/11/1998","","Gadeon House","Grenadier Road","Exeter Business Park","Exeter","Devon","","","","","EX1 3UT",""
"SWEB","W","27/11/1998","","Gadeon House","Grenadier Road","Exeter Business Park","Exeter","Devon","","","","","EX1 3UT",""
"SWEB","X","01/04/1996","","EDF Energy","40 Grosvenor Place","Victoria","London","","","","","","SW1X 7EN",""
"SYMB","X","29/11/2012","","Symbio Energy LLP","Unit 7 Curo Park","Park Street","Frogmore","St Albans","Hertfordshire","","","","AL2 2DD",""
"TEAM","X","20/02/2004","","The Team Group of Companies UK Limited","2 Hyde House","Victoria Avenue","Harrogate","","","","","","HG1 2JL",""
"TGPL","X","20/10/2000","","Total Gas and Power Ltd","33 Cavendish Square","London","","","","","","","W1G 0PW",""
"TMOB","9","24/02/2011","","T-Mobile","Hatfield Business Park","Hertfordshire","","","","","","","AL10 9BW",""
"TREX","X","07/12/2007","","Power4All Limited","26 West Cote Drive","Thackley","Bradford","West Yorks","","","","","BD10 8WS",""
"TRUR","6","07/10/2008","","TruRead Limited","Suite 5 Wilmslow House","Grove Way","Wilmslow","Cheshire","","","","","SK9 5AG",""
"UDMS","6","14/01/2009","","Utility Data Management Services","Haypark Business Centre","Marchmont Avenue","Polmont","Falkirk","","","","","FK2 0NZ",""
"UDMS","A","05/04/2007","","TMA Data Management Ltd","Argyll House","23 Brook street","Kingston upon Thames","Surrey","","","","","KT1 2BN",""
"UDMS","B","01/09/2006","","TMA Data Management Ltd","Argyll House","23 Brook Street","Kingston upon Thames","Surrey","","","","","KT1 2BN",""
"UDMS","C","05/04/2007","","TMA Data Management Ltd","Argyll House","23 Brook Street","Kingston upon Thames","Surrey","","","","","KT1 2BN",""
"UDMS","D","14/01/2009","","TMA Data Management Ltd","Argyll House","23 Brook Street","Kingston upon Thames","Surrey","","","","","KT1 2BN",""
"UESL","6","10/02/2006","","Harston Mills Campus","Harston","Cambridge","","","","","","","CB2 5GG",""
"UESL","8","19/09/2003","","17 High Street","Saffron Waldron","Essex","","","","","","","CB10 1AT",""
"UFUN","8","16/03/2011","","Utility Funding Limited","Brewery House","34 - 44 Gigant Street","Salisbury","Wiltshire","","","","","SP1 2AP",""
"UKDC","6","01/09/2006","","Scorpio","Rockingham Drive","Linford Wood","Milton Keynes","","","","","","MK14 6LY",""
"UKDC","8","01/08/2003","","IMServ Europe Ltd","Scorpio","Rockingham Drive","Linford Wood","Milton Keynes","Bucks","","","","MK14 6LY",""
"UKDC","A","01/04/1996","","IMServ Europe Ltd","Scorpio","Rockingham Drive","Linford Wood","Milton Keynes","Buckinghamshire","","","","MK14 6LY",""
"UKDC","B","01/05/2005","","IMServ Europe Ltd","Scorpio","Rockingham Drive","Linford Wood","Milton Keynes","","","","","MK14 6LY",""
"UKDC","C","01/04/1996","","IMServ Europe Ltd","Scorpio","Rockingham Drive","Linford Wood","Milton Keynes","Buckinghamshire","","","","MK14 6LY",""
"UKDC","D","01/05/2005","","IMServ Europe Ltd","Scorpio","Rockingham Drive","Linford Wood","Milton Keynes","","","","","MK14 6LY",""
"UKDC","F","01/04/1996","","Scorpio","Rockingham Drive","Linford Wood","Milton Keynes","Buckinghamshire","","","","","MK14 6LY",""
"UKDC","K","05/06/2004","","IMServ Europe Ltd","Scorpio","Rockingham Drive","Linford Wood","Milton Keynes","Bucks","","","","MK14 6LY",""
"UKDC","M","01/05/2005","","IMServ Europe Ltd","Scorpio","Rockingham Drive","Linford Wood","Milton Keynes","","","","","MK14 6LY",""
"UKDC","S","01/04/1996","","Scorpio","Rockingham Drive","Linford Wood","Milton Keynes","Buckinghamshire","","","","","MK14 6LY",""
"UKEP","X","20/08/1999","10/12/2004","The Havens","Ransomes Europark","Ipswich","SUFFOLK","","","","","","IP3 9SJ",""
"UMOL","6","06/10/2006","","PRI House","Moorside Road","Winchester","","","","","","","SO23 7RX",""
"UMOL","8","17/11/2006","","PRI House","Moorside Road","Winchester","","","","","","","SO23 7RX",""
"UMOL","M","05/04/2007","","Utilita Meter Operations Ltd","PRI House","Moorside Road","Winchester","","","","","","SO23 7RX",""
"UMOL","V","06/10/2006","","PRI House","Moorside Road","Winchester","","","","","","","SO23 7RX",""
"UPLD","6","12/10/2007","","Utility Partnership Ltd","Prennau House","Copse Walk","Cardiff Gate Business Park","Cardiff","","","","","CF23 8XH",""
"UPLD","8","01/04/2009","","Utility Partnership Ltd","Prennau House","Copse Walk","Cardiff Gate Business Park","Cardiff","","","","","CF23 8XH",""
"UPLD","B","11/03/2008","","Utility Partnership Ltd","Prennau House","Copse Walk","Cardiff Gate Business Park","Cardiff","","","","","CF23 8XH",""
"UPLD","D","11/03/2008","","Utility Partnership Ltd","Prennau House","Copse Walk","Cardiff Gate Business Park","Cardiff","","","","","CF23 8XH",""
"UPLD","M","01/04/2009","","Utility Partnership Ltd","Prennau House","Copse Walk","Cardiff Gate Business Park","Cardiff","","","","","CF23 8XH",""
"UPLH","A","29/09/2011","16/11/2011","Utility Partnership Ltd","Prennau House","Copse Walk","Cardiff Gate Business Park","Cardiff","","","","","CF23 8XH",""
"UPLH","A","18/07/2012","","Utility Partnership Ltd","Prennau House","Copse Walk","Cardiff Gate Business Park","Cardiff","","","","","CF23 8XH",""
"UPLH","C","29/09/2011","16/11/2011","Utility Partnership Ltd","Prennau House","Copse Walk","Cardiff Gate Business Park","Cardiff","","","","","CF23 8XH",""
"UPLH","C","18/07/2012","","Utility Partnership Ltd","Prennau House","Copse Walk","Cardiff Gate Business Park","Cardiff","","","","","CF23 8XH",""
"UPLH","M","29/09/2011","16/11/2011","Utility Partnership Ltd","Prennau House","Copse Walk","Cardiff Gate Business Park","Cardiff","","","","","CF23 8XH",""
"UPLH","M","18/07/2012","","Utility Partnership Ltd","Prennau House","Copse Walk","Cardiff Gate Business Park","Cardiff","","","","","CF23 8XH",""
"UPLX","A","16/11/2011","","Utility Partnership Ltd","Prennau House","Copse Walk","Cardiff Gate Business Park","Cardiff","","","","","CF23 8XH",""
"UPLX","C","16/11/2011","","Utility Partnership Ltd","Prennau House","Copse Walk","Cardiff Gate Business Park","Cardiff","","","","","CF23 8XH",""
"UPLX","M","16/11/2011","","Utility Partnership Ltd","Prennau House","Copse Walk","Cardiff Gate Business Park","Cardiff","","","","","CF23 8XH",""
"UTFL","8","20/10/2010","","ENTERPRISE MANAGED SERVICES (E&CS) LTD","GORDON HOUSE","SCEPTRE WAY","BAMBER BRIDGE","PRESTON","","","","","PR5 6AW",""
"UTLX","Z","25/05/2001","","9A Margaret Street","London","","","","","","","","W1W 8RJ",""
"UUCO","8","20/10/2010","","ENTERPRISE MANAGED SERVICES (E&CS) LTD","GORDON HOUSE","SCEPTRE WAY","BAMBER BRIDGE","PRESTON","","","","","PR5 6AW",""
"UUMO","8","13/07/2007","","ENTERPRISE MANAGED SERVICES (E&CS) LTD","GORDON HOUSE","SCEPTRE WAY","BAMBER BRIDGE","PRESTON","","","","","PR5 6AW",""
"UUNL","8","23/05/2003","","Meter Fit Ltd","11th Floor","Oakland House","Talbot Road","Old Trafford","Manchester","","","","M16 0HQ",""
"UUNL","M","17/04/2003","","ENTERPRISE MANAGED SERVICES (E&CS) LTD","GORDON HOUSE","SCEPTRE WAY","BAMBER BRIDGE","PRESTON","","","","","PR5 6AW",""
"VODA","9","24/02/2011","","Vodafone Ltd","Vodafone House","The Connection","Newbury","Berkshire","","","","","RG14 2FN",""
"VOLT","X","18/11/2009","","The Co-operative Energy Ltd","Warwick Technology Park","Gallows Hill","Warwick","","","","","","CV34 6DA",""
"WBUR","Y","10/11/2000","","Wherstead Business Park","Wherstead","Ipswich","Suffolk","","","","","","IP9 2AQ",""
"WGAS","X","17/12/1999","19/01/2007","33 Grosvenor Place","London","","","","","","","","SW1X 7HY",""
"WPDR","6","20/06/2003","25/07/2003","Avonbank","Feeder Road","Bristol","","","","","","","BS2 0TB",""
"WPEM","8","14/09/2011","18/01/2012","Western Power Distribution","Avonbank","Feeder Road","Bristol","","","","","","BS2 0TB",""
"WPRM","8","19/03/2004","","Western Power Distribution","Avonbank","Feeder Road","Bristol","","","","","","BS2 0TB",""
"WPSW","8","17/04/2003","","Western Power Distribution (South West)","Avonbank","Feeder Road","Bristol","","","","","","BS2 0TB",""
"WPWA","8","17/04/2003","","Western Power Distribution (South Wales)","Avonbank","Feeder Road","Bristol","","","","","","BS2 0TB",""
"WPWM","8","14/09/2011","18/01/2012","Western Power Distribution","Avonbank","Feeder Road","Bristol","","","","","","BS2 0TB",""
"WREL","X","09/06/1999","14/01/2009","16 Avon Reach","Chippenham","Wiltshire","","","","","","","SN1 51EE",""
"WREL","Y","04/06/2004","","16 Avon Reach","Monkton Hill","Chippenham","","","","","","","SN15 1EE",""
"YBGA","X","01/04/1996","01/04/1999","1 Atlantic Quay","GLASGOW","","","","","","","","G2 8SP",""
"YEEL","X","01/04/1996","01/04/1999","1 Atlantic Quay","GLASGOW","","","","","","","","G2 8SP",""
"YELG","0","20/07/2012","","Npower Yorkshire Supply Limited","Trigonos","Windmill Hill Business Park","Whitehill Way","Swindon","Wiltshire","","","","SN5 6PB",""
"YELG","3","24/03/2006","","Northern Powergrid (Yorkshire) plc","Lloyds Court","78 Grey Street","Newcastle-Upon-Tyne","","","","","","NE1 6AF",""
"YELG","6","19/12/2003","","Npower Yorkshire Ltd","Energy Services","Wetherby Road","Scarcroft","Leeds","West Yorkshire","","","","LS14 3HS",""
"YELG","8","17/04/2003","","Northern Powergrid (Yorkshire) Ltd","Lloyds Court","78 Grey Street","Newcastle-Upon-Tyne","","","","","","NE1 6AF",""
"YELG","B","01/04/1996","","Npower Yorkshire Ltd","Wetherby Road","Scarcroft","Leeds","","","","","","LS14 3HS",""
"YELG","D","01/04/1996","","Npower Yorkshire Ltd","Wetherby Road","Scarcroft","Leeds","","","","","","LS14 3HS",""
"YELG","J","01/04/1996","","Northern Powergrid (Yorkshire) Ltd","Lloyds Court","78 Grey Street","Newcastle-Upon-Tyne","","","","","","NE1 6AF",""
"YELG","M","01/04/1996","","Yorkshire Electricity Distribution PLC","Lloyds Court","78 Grey Street","Newcastle-upon-Tyne","","","","","","NE1 6AF",""
"YELG","P","01/04/1996","","Northern Powergrid (Yorkshire) Ltd","Lloyds Court","78 Grey Street","Newcastle-Upon-Tyne","","","","","","NE1 6AF",""
"YELG","R","01/04/1996","","Northern Powergrid (Yorkshire) plc","Lloyds Court","78 Grey Street","Newcastle-upon-Tyne","","","","","","NE1 6AF","23"
"YELG","V","01/04/1996","","Wetherby Road","Scarcroft","LEEDS","","","","","","","LS14 3HS",""
"YELG","W","01/04/1996","","Wetherby Road","Scarcroft","LEEDS","","","","","","","LS14 3HS",""
"YELG","X","01/04/1996","","NPOWER YORKSHIRE SUPPLY LTD","TRIGONOS","WINDMILL HILL BUSINESS PARK","WHITEHILL WAY","SWINDON","WILTSHIRE","","","","SN5 6PB",""
"YEME","X","01/04/1996","01/04/1999","1 Atlantic Quay","GLASGOW","","","","","","","","G2 8SP",""
"YHYD","X","01/04/1996","01/04/1999","1 Atlantic Quay","GLASGOW","","","","","","","","G2 8SP",""
"YIND","X","01/04/1996","01/04/1999","1 Atlantic Quay","GLASGOW","","","","","","","","G2 8SP",""
"YLON","X","01/04/1996","01/04/1999","1 Atlantic Quay","GLASGOW","","","","","","","","G2 8SP",""
"YMID","X","01/04/1996","01/04/1999","1 Atlantic Quay","GLASGOW","","","","","","","","G2 8SP",""
"YNAT","X","01/04/1996","01/04/1999","1 Atlantic Quay","GLASGOW","","","","","","","","G2 8SP",""
"YNEE","X","01/04/1996","01/04/1999","1 Atlantic Quay","GLASGOW","","","","","","","","G2 8SP",""
"YNEL","X","01/04/1996","01/04/1999","1 Atlantic Quay","GLASGOW","","","","","","","","G2 8SP",""
"YNOR","X","01/04/1996","01/04/1999","1 Atlantic Quay","GLASGOW","","","","","","","","G2 8SP",""
"YNUC","X","01/04/1996","01/04/1999","1 Atlantic Quay","GLASGOW","","","","","","","","G2 8SP",""
"YPGE","X","01/04/1996","01/04/1999","1 Atlantic Quay","GLASGOW","","","","","","","","G2 8SP",""
"YSEE","X","01/04/1996","01/04/1999","1 Atlantic Quay","GLASGOW","","","","","","","","G2 8SP",""
"YSOU","X","01/04/1996","01/04/1999","1 Atlantic Quay","GLASGOW","","","","","","","","G2 8SP",""
"YSPO","X","01/04/1996","01/04/1999","1 Atlantic Quay","GLASGOW","","","","","","","","G2 8SP",""
"YSWA","X","01/04/1996","01/04/1999","1 Atlantic Quay","GLASGOW","","","","","","","","G2 8SP",""
"YSWE","X","01/04/1996","01/04/1999","1 Atlantic Quay","GLASGOW","","","","","","","","G2 8SP",""
"YYEL","X","01/04/1996","01/04/1999","1 Atlantic Quay","GLASGOW","","","","","","","","G2 8SP",""
"ZEEL","X","01/04/1996","01/04/1999","Inveralmond House","200 Dunkeld Road","Perth","","","","","","","PH1 3AQ",""
"ZEME","X","01/04/1996","01/04/1999","Inveralmond House","200 Dunkeld Road","Perth","","","","","","","PH1 3AQ",""
"ZHYD","X","01/04/1996","01/04/1999","Inveralmond House","200 Dunkeld Road","Perth","","","","","","","PH1 3AQ",""
"ZIND","X","01/04/1996","01/04/1999","Inveralmond House","200 Dunkeld Road","Perth","","","","","","","PH1 3AQ",""
"ZLON","X","01/04/1996","01/04/1999","Inveralmond House","200 Dunkeld Road","Perth","","","","","","","PH1 3AQ",""
"ZMID","X","01/04/1996","01/04/1999","Inveralmond House","200 Dunkeld Road","Perth","","","","","","","PH1 3AQ",""
"ZNAT","X","01/04/1996","01/04/1999","Inveralmond House","200 Dunkeld Road","Perth","","","","","","","PH1 3AQ",""
"ZNEE","X","01/04/1996","01/04/1999","Inveralmond House","200 Dunkeld Road","Perth","","","","","","","PH1 3AQ",""
"ZNOR","X","01/04/1996","01/04/1999","Inveralmond House","200 Dunkeld Road","Perth","","","","","","","PH1 3AQ",""
"ZPGE","X","01/04/1996","01/04/1999","Inveralmond House","200 Dunkeld Road","Perth","","","","","","","PH1 3AQ",""
"ZSEE","X","01/04/1996","01/04/1999","Inveralmond House","200 Dunkeld Road","Perth","","","","","","","PH1 3AQ",""
"ZSOU","X","09/11/1998","01/04/1999","Inveralmond  House","200 Dunkeld Road","Perth","","","","","","","PH1 3AQ",""
"ZSPO","X","01/04/1996","01/04/1999","Inveralmond House","200 Dunkeld Road","Perth","","","","","","","PH1 3AQ",""
"ZSWA","X","01/04/1996","01/04/1999","Inveralmond House","200 Dunkeld Road","Perth","","","","","","","PH1 3AQ",""
"ZTAR","A","07/07/2000","","Scorpio","Rockingham Drive","Linford Wood","MILTON KEYNES","Buckinghamshire","","","","","MK14 6LY",""
"ZYEL","X","01/04/1996","01/04/1999","Inveralmond House","200 Dunkeld Road","Perth","","","","","","","PH1 3AQ",""
"ZZAA","B","01/04/1996","12/06/2009","Dummy NHHDA for Eastern","","","","","","","","","Dummy",""
"ZZAB","B","01/04/1996","12/06/2009","Dummy NHHDA for East Midlands","","","","","","","","","Dummy",""
"ZZAC","B","01/04/1996","12/06/2009","Dummy NHHDA for London","","","","","","","","","Dummy",""
"ZZAD","B","01/04/1996","12/06/2009","Dummy NHHDA for Manweb","","","","","","","","","Dummy",""
"ZZAE","B","01/04/1996","12/06/2009","Dummy NHHDA for Midlands","","","","","","","","","Dummy",""
"ZZAF","B","01/04/1996","12/06/2009","Dummy NHHDA for Northern","","","","","","","","","Dummy",""
"ZZAG","B","01/04/1996","12/06/2009","Dummy NHHDA for Norweb","","","","","","","","","Dummy",""
"ZZAH","B","01/04/1996","12/06/2009","Dummy NHHDA for Southern","","","","","","","","","Dummy",""
"ZZAJ","B","01/04/1996","12/06/2009","Dummy NHHDA for Seeboard","","","","","","","","","Dummy",""
"ZZAK","B","01/04/1996","12/06/2009","Dummy NHHDA for SWALEC","","","","","","","","","Dummy",""
"ZZAL","B","01/04/1996","12/06/2009","Dummy NHHDA for SWEB","","","","","","","","","Dummy",""
"ZZAM","B","01/04/1996","12/06/2009","Dummy NHHDA for Yorkshire","","","","","","","","","Dummy",""
